test_angle_deg,predicted_angle_deg
2.32,0.0
1.92,0.0
1.51,0.0
1.31,0.0
1.31,0.0
0.0,0.0
1.01,0.0
0.91,0.0
0.81,0.0
0.71,0.0
0.61,0.0
0.61,0.0
0.5,0.0
0.5,0.0
0.5,0.0
0.5,0.0
0.4,0.0
0.3,0.0
0.2,0.0
0.2,0.0
0.2,0.0
0.2,0.0
0.2,0.0
0.2,0.0
0.2,0.0
0.2,0.0
0.2,0.0
0.3,0.0
0.3,0.0
0.3,0.0
0.3,0.0
0.3,0.0
0.3,0.0
0.1,0.0
0.0,0.0
0.0,0.0
0.0,0.0
-0.1,0.0
-0.3,0.0
-0.4,0.0
-0.71,0.0
-0.81,0.0
-0.81,0.0
-0.81,0.0
-0.91,0.0
-1.11,0.0
-1.31,0.0
-1.41,0.0
-1.51,0.0
-1.51,0.0
-1.51,0.0
-1.51,0.0
-1.51,0.0
-1.51,0.0
-1.51,0.0
-1.51,0.0
-1.51,0.0
-1.51,0.0
-1.51,0.0
-1.51,0.0
-1.51,0.0
-1.51,0.0
-1.51,0.0
-1.11,0.0
-0.81,0.0
-0.81,0.0
-0.81,0.0
-0.81,0.0
-0.81,0.0
-0.61,0.0
-0.3,0.0
-0.1,0.0
-0.1,0.0
0.0,0.0
0.1,0.0
0.2,0.0
0.2,0.0
0.2,0.0
0.2,0.0
0.2,0.0
0.2,0.0
0.1,0.0
0.1,0.0
0.0,0.0
-0.1,0.0
-0.2,0.0
-0.3,0.0
-0.61,0.0
-0.71,0.0
-0.91,0.0
-1.41,0.0
-1.92,0.0
-2.52,0.0
-3.03,0.0
-3.4300000000000006,0.0
-3.53,0.0
-3.7300000000000004,0.0
-4.03,0.0
-4.54,0.0
-5.65,0.0
-6.35,0.0
-6.860000000000001,0.0
-6.860000000000001,0.0
-6.860000000000001,0.0
-6.860000000000001,0.0
-7.06,0.0
-7.26,0.0
-7.36,0.0
-7.559999999999999,0.0
-7.87,0.0
-7.969999999999999,0.0
-7.969999999999999,0.0
-7.969999999999999,0.0
-7.969999999999999,0.0
-7.969999999999999,0.0
-7.969999999999999,0.0
-8.07,0.0
-8.17,0.0
-8.27,0.0
-8.27,0.0
-8.27,0.0
-8.469999999999999,0.0
-8.469999999999999,0.0
-8.570000000000002,0.0
-8.570000000000002,0.0
-8.570000000000002,0.0
-8.469999999999999,0.0
-8.469999999999999,0.0
-8.570000000000002,0.0
-8.570000000000002,0.0
-8.67,0.0
-8.77,0.0
-8.87,0.0
-8.97,0.0
-9.28,0.0
-9.48,0.0
-9.48,0.0
-9.48,0.0
-9.48,0.0
-9.68,0.0
-10.08,0.0
-10.69,0.0
-10.89,0.0
-10.89,0.0
-10.89,0.0
-10.89,0.0
-10.89,0.0
-10.69,0.0
-9.78,0.0
-8.37,0.0
-7.26,0.0
-6.45,0.0
-6.050000000000001,0.0
-5.55,0.0
-4.74,0.0
-3.9300000000000006,0.0
-3.4300000000000006,0.0
-3.3299999999999996,0.0
-3.3299999999999996,0.0
-3.3299999999999996,0.0
-3.23,0.0
-3.13,0.0
0.0,0.0
-2.62,0.0
-2.22,0.0
-1.92,0.0
-1.41,0.0
-1.01,0.0
-0.91,0.0
-0.81,0.0
-0.81,0.0
0.0,0.0
-0.4,0.0
-0.3,0.0
-0.1,0.0
0.0,0.0
0.0,0.0
0.0,0.0
0.0,0.0
0.0,0.0
0.0,0.0
0.0,0.0
0.0,0.0
0.0,0.0
0.2,0.0
0.3,0.0
0.4,0.0
0.5,0.0
0.0,0.0
0.91,0.0
1.01,0.0
1.01,0.0
1.01,0.0
1.11,0.0
1.41,0.0
2.02,0.0
2.42,0.0
2.52,0.0
2.62,0.0
2.62,0.0
2.62,0.0
2.62,0.0
2.62,0.0
2.62,0.0
2.52,0.0
2.52,0.0
2.42,0.0
2.32,0.0
2.12,0.0
2.12,0.0
2.02,0.0
1.92,0.0
1.82,0.0
1.71,0.0
1.71,0.0
1.71,0.0
1.6100000000000003,0.0
1.31,0.0
0.91,0.0
0.4,0.0
0.4,0.0
0.4,0.0
0.4,0.0
0.4,0.0
0.4,0.0
0.5,0.0
0.5,0.0
0.4,0.0
0.2,0.0
0.1,0.0
-0.2,0.0
-0.71,0.0
-1.21,0.0
-1.6100000000000003,0.0
-1.92,0.0
-2.12,0.0
-2.12,0.0
-2.12,0.0
-2.12,0.0
-2.12,0.0
-2.12,0.0
-2.12,0.0
-2.12,0.0
-2.12,0.0
-2.12,0.0
-2.12,0.0
-2.12,0.0
-1.92,0.0
-1.51,0.0
-0.81,0.0
-0.61,0.0
-0.61,0.0
-0.61,0.0
-0.61,0.0
-0.3,0.0
0.0,0.0
0.3,0.0
0.71,0.0
1.41,0.0
2.02,0.0
2.82,0.0
3.53,0.0
4.13,0.0
4.74,0.0
5.24,0.0
5.849999999999999,0.0
6.25,0.0
6.659999999999999,0.0
7.06,0.0
7.659999999999998,0.0
7.969999999999999,0.0
8.37,0.0
8.77,0.0
9.18,0.0
9.28,0.0
9.48,0.0
9.78,0.0
10.08,0.0
10.29,0.0
10.79,0.0
11.290000000000001,0.0
12.100000000000001,0.0
12.709999999999999,0.0
13.51,0.0
14.12,0.0
14.62,0.0
15.030000000000001,0.0
15.33,0.0
15.83,0.0
16.13,0.0
16.34,0.0
16.44,0.0
16.44,0.0
16.44,0.0
16.44,0.0
16.44,0.0
16.44,0.0
16.54,0.0
16.64,0.0
17.140000000000004,0.0
17.65,0.0
17.75,0.0
17.75,0.0
17.75,0.0
17.55,0.0
17.45,0.0
17.45,0.0
17.45,0.0
17.45,0.0
17.45,0.0
17.45,0.0
16.84,0.0
16.74,0.0
16.74,0.0
16.74,0.0
16.74,0.0
16.74,0.0
16.64,0.0
16.34,0.0
16.24,0.0
15.929999999999998,0.0
15.33,0.0
14.62,0.0
13.92,0.0
13.01,0.0
11.899999999999999,0.0
11.5,0.0
11.39,0.0
11.39,0.0
11.089999999999998,0.0
10.49,0.0
8.97,0.0
7.460000000000001,0.0
5.949999999999999,0.0
5.139999999999999,0.0
4.64,0.0
0.0,0.0
4.03,0.0
3.7300000000000004,0.0
3.13,0.0
2.62,0.0
2.02,0.0
1.6100000000000003,0.0
1.31,0.0
1.21,0.0
1.01,0.0
1.01,0.0
1.01,0.0
1.01,0.0
1.01,0.0
1.01,0.0
1.01,0.0
1.11,0.0
1.11,0.0
1.31,0.0
1.51,0.0
1.82,0.0
2.12,0.0
2.22,0.0
0.0,0.0
1.51,0.0
0.91,0.0
0.4,0.0
0.4,0.0
0.5,0.0
0.61,0.0
0.71,0.0
0.71,0.0
0.71,0.0
1.11,0.0
1.6100000000000003,0.0
2.12,0.0
2.92,0.0
3.63,0.0
4.34,0.0
5.24,0.0
6.55,0.0
8.27,0.0
9.68,0.0
10.89,0.0
11.290000000000001,0.0
11.290000000000001,0.0
11.39,0.0
11.6,0.0
12.300000000000002,0.0
13.21,0.0
14.420000000000002,0.0
15.33,0.0
16.03,0.0
16.34,0.0
16.64,0.0
17.34,0.0
17.95,0.0
18.760000000000005,0.0
20.17,0.0
21.38,0.0
22.39,0.0
23.7,0.0
24.61,0.0
25.31,0.0
25.51,0.0
25.51,0.0
25.51,0.0
25.51,0.0
25.51,0.0
25.51,0.0
25.51,0.0
0.0,0.0
25.51,0.0
25.51,0.0
25.51,0.0
25.51,0.0
25.51,0.0
25.51,0.0
25.51,0.0
25.51,0.0
25.51,0.0
25.51,0.0
25.41,0.0
25.01,0.0
24.71,0.0
24.71,0.0
24.71,0.0
24.71,0.0
24.71,0.0
24.71,0.0
24.71,0.0
24.5,0.0
24.1,0.0
22.89,0.0
21.479999999999997,0.0
19.26,0.0
17.34,0.0
16.44,0.0
16.03,0.0
15.83,0.0
15.43,0.0
14.920000000000002,0.0
14.420000000000002,0.0
14.02,0.0
13.610000000000001,0.0
13.11,0.0
12.2,0.0
12.100000000000001,0.0
11.899999999999999,0.0
11.899999999999999,0.0
11.899999999999999,0.0
11.899999999999999,0.0
11.8,0.0
11.5,0.0
11.19,0.0
10.389999999999999,0.0
9.78,0.0
9.28,0.0
8.570000000000002,0.0
8.27,0.0
7.969999999999999,0.0
7.06,0.0
5.75,0.0
4.13,0.0
1.01,0.0
-1.71,0.0
-4.74,0.0
-6.76,0.0
-8.87,0.0
-11.8,0.0
-14.920000000000002,0.0
-17.65,0.0
-21.88,0.0
-26.82,0.0
-33.08,0.0
-41.14,0.0
-47.28999999999999,0.0
-54.66,0.0
-61.92,0.0
-67.75999999999999,0.0
-75.33,0.0
-81.48000000000002,0.0
-89.45,0.0
-97.01,0.0
-102.45,0.0
-107.7,0.0
-112.44,0.0
-120.61,0.0
-124.13,0.0
-131.29,0.0
-135.93,0.0
-141.07999999999998,0.0
-144.4,0.0
-147.03,0.0
-148.13,0.0
-148.24,0.0
-148.24,0.0
0.0,0.0
-148.24,0.0
-148.24,0.0
-148.24,0.0
-148.24,0.0
-148.24,0.0
-147.73000000000002,0.0
-145.82,0.0
-142.39,0.0
-137.74999999999997,0.0
-133.71,0.0
-130.39,0.0
-126.54999999999998,0.0
-118.99,0.0
-114.05,0.0
-110.02,0.0
-106.08000000000001,0.0
-103.26,0.0
-100.02999999999999,0.0
-97.82,0.0
0.0,0.0
-97.41,0.0
-97.41,0.0
-96.91,0.0
-95.79999999999998,0.0
-91.87,0.0
-87.53,0.0
-82.49,0.0
-79.46,0.0
-75.43,0.0
-71.39,0.0
-66.55,0.0
-65.34,0.0
-65.45,0.0
-64.64,0.0
-63.73000000000001,0.0
-62.42,0.0
-60.00999999999999,0.0
-57.480000000000004,0.0
-53.75,0.0
-51.13,0.0
-49.11,0.0
-47.7,0.0
-45.57999999999999,0.0
-43.76,0.0
-41.95,0.0
-40.54,0.0
-38.32,0.0
-34.59,0.0
-30.76,0.0
-24.91,0.0
-19.87,0.0
-13.610000000000001,0.0
-5.65,0.0
0.2,0.0
8.97,0.0
17.04,0.0
27.93,0.0
37.10999999999999,0.0
48.5,0.0
58.89,0.0
66.55,0.0
73.51,0.0
83.8,0.0
90.76,0.0
98.12,0.0
105.48000000000002,0.0
115.96999999999998,0.0
122.12,0.0
129.28,0.0
134.72,0.0
140.87,0.0
145.31,0.0
149.45,0.0
153.78,0.0
157.11,0.0
0.0,0.0
162.15000000000003,0.0
164.16999999999996,0.0
165.48000000000002,0.0
166.79000000000002,0.0
167.6,0.0
168.60999999999999,0.0
169.92,0.0
170.92,0.0
172.34,0.0
173.34,0.0
173.75,0.0
174.05,0.0
174.15,0.0
174.25000000000003,0.0
174.25000000000003,0.0
0.0,0.0
174.25000000000003,0.0
173.85,0.0
172.44,0.0
170.42,0.0
165.28000000000003,0.0
163.26,0.0
159.03,0.0
153.88,0.0
147.83,0.0
140.77000000000004,0.0
134.82,0.0
127.35999999999999,0.0
122.72,0.0
114.76000000000002,0.0
108.3,0.0
98.12,0.0
91.26,0.0
82.89,0.0
78.25,0.0
68.97,0.0
64.54,0.0
59.60000000000001,0.0
54.76,0.0
49.41,0.0
43.16,0.0
36.61,0.0
30.87,0.0
26.12,0.0
23.9,0.0
21.28,0.0
18.45,0.0
16.13,0.0
12.81,0.0
10.18,0.0
6.96,0.0
4.74,0.0
3.829999999999999,0.0
2.7200000000000006,0.0
1.6100000000000003,0.0
0.71,0.0
-0.2,0.0
-0.61,0.0
-0.71,0.0
-0.81,0.0
-0.81,0.0
-0.81,0.0
-0.91,0.0
-0.91,0.0
-0.91,0.0
-0.91,0.0
-0.91,0.0
-0.91,0.0
-0.91,0.0
-0.91,0.0
-0.91,0.0
-0.91,0.0
-0.91,0.0
-1.01,0.0
-1.01,0.0
-1.01,0.0
-1.11,0.0
-1.41,0.0
-1.6100000000000003,0.0
-1.82,0.0
-2.02,0.0
-2.02,0.0
-2.02,0.0
-2.02,0.0
-2.22,0.0
-2.22,0.0
-1.92,0.0
-0.61,0.0
0.0,0.0
0.91,0.0
1.11,0.0
1.31,0.0
2.02,0.0
2.62,0.0
3.03,0.0
3.13,0.0
3.13,0.0
3.13,0.0
3.3299999999999996,0.0
3.53,0.0
3.7300000000000004,0.0
3.829999999999999,0.0
4.03,0.0
4.13,0.0
4.13,0.0
4.13,0.0
4.13,0.0
4.13,0.0
4.13,0.0
4.03,0.0
3.829999999999999,0.0
3.63,0.0
3.23,0.0
2.7200000000000006,0.0
2.22,0.0
1.51,0.0
0.71,0.0
-0.4,0.0
-1.11,0.0
-1.6100000000000003,0.0
0.0,0.0
-2.22,0.0
-2.42,0.0
-2.62,0.0
-2.7200000000000006,0.0
-2.92,0.0
-3.3299999999999996,0.0
-3.829999999999999,0.0
-4.24,0.0
-4.64,0.0
-4.84,0.0
-5.04,0.0
-5.24,0.0
-5.65,0.0
-5.949999999999999,0.0
-6.050000000000001,0.0
-6.150000000000001,0.0
-6.45,0.0
-6.860000000000001,0.0
-7.26,0.0
-7.659999999999998,0.0
-8.17,0.0
-8.570000000000002,0.0
-8.97,0.0
-9.28,0.0
-9.28,0.0
-9.380000000000003,0.0
-9.58,0.0
-9.88,0.0
-10.18,0.0
-10.29,0.0
-10.49,0.0
-10.69,0.0
-10.69,0.0
-10.69,0.0
-10.69,0.0
-10.69,0.0
-10.69,0.0
-10.69,0.0
-10.69,0.0
-10.69,0.0
-10.69,0.0
-10.69,0.0
-10.69,0.0
-10.59,0.0
-10.59,0.0
-10.18,0.0
-9.88,0.0
-9.58,0.0
-9.380000000000003,0.0
-8.97,0.0
-8.27,0.0
-7.36,0.0
-6.45,0.0
-5.55,0.0
-5.04,0.0
-4.54,0.0
-4.03,0.0
-3.63,0.0
-2.92,0.0
-2.32,0.0
-2.12,0.0
-1.92,0.0
-1.6100000000000003,0.0
-1.31,0.0
-1.11,0.0
-1.11,0.0
-0.91,0.0
-0.91,0.0
-0.91,0.0
-0.81,0.0
-0.81,0.0
-0.71,0.0
-0.71,0.0
-0.61,0.0
-0.4,0.0
-0.3,0.0
0.01,0.0
0.2,0.0
0.61,0.0
0.91,0.0
1.31,0.0
1.6100000000000003,0.0
1.92,0.0
2.02,0.0
2.12,0.0
2.22,0.0
2.42,0.0
2.62,0.0
2.7200000000000006,0.0
2.7200000000000006,0.0
2.7200000000000006,0.0
2.7200000000000006,0.0
2.7200000000000006,0.0
2.7200000000000006,0.0
2.7200000000000006,0.0
2.7200000000000006,0.0
2.82,0.0
2.82,0.0
2.82,0.0
2.82,0.0
2.82,0.0
2.82,0.0
2.82,0.0
2.82,0.0
2.82,0.0
2.82,0.0
2.82,0.0
2.52,0.0
2.02,0.0
1.6100000000000003,0.0
1.31,0.0
0.91,0.0
0.2,0.0
-0.81,0.0
-1.11,0.0
-1.11,0.0
-1.11,0.0
-1.11,0.0
-1.11,0.0
-1.11,0.0
-1.11,0.0
-1.11,0.0
-1.11,0.0
-1.11,0.0
-1.11,0.0
-1.11,0.0
-1.11,0.0
-1.11,0.0
-1.11,0.0
-1.11,0.0
-0.91,0.0
-0.71,0.0
-0.71,0.0
-0.71,0.0
-0.61,0.0
-0.3,0.0
-0.2,0.0
-0.2,0.0
-0.2,0.0
-0.2,0.0
-0.2,0.0
-0.2,0.0
-0.2,0.0
0.0,0.0
0.0,0.0
0.0,0.0
0.1,0.0
0.2,0.0
0.2,0.0
0.2,0.0
0.4,0.0
0.71,0.0
0.71,0.0
0.71,0.0
0.71,0.0
0.71,0.0
0.71,0.0
0.71,0.0
0.61,0.0
0.71,0.0
0.61,0.0
0.5,0.0
0.5,0.0
0.5,0.0
0.5,0.0
0.5,0.0
0.3,0.0
0.0,0.0
-0.1,0.0
-0.2,0.0
-0.2,0.0
-0.4,0.0
-0.61,0.0
-1.11,0.0
-1.71,0.0
-2.7200000000000006,0.0
-3.13,0.0
-3.23,0.0
-3.53,0.0
-4.44,0.0
-5.139999999999999,0.0
-5.24,0.0
-5.24,0.0
-5.24,0.0
-5.24,0.0
-5.24,0.0
-5.340000000000001,0.0
-5.75,0.0
-6.35,0.0
-6.96,0.0
-7.659999999999998,0.0
-7.969999999999999,0.0
-8.37,0.0
-9.18,0.0
-9.68,0.0
-10.29,0.0
-10.59,0.0
-10.99,0.0
-11.19,0.0
-11.6,0.0
-12.100000000000001,0.0
-12.61,0.0
-13.11,0.0
-13.71,0.0
-14.22,0.0
-14.52,0.0
0.0,0.0
-15.230000000000002,0.0
-15.730000000000002,0.0
-16.34,0.0
-16.64,0.0
-16.939999999999998,0.0
-17.239999999999995,0.0
-17.75,0.0
-18.149999999999995,0.0
-18.55,0.0
-18.859999999999996,0.0
-19.060000000000002,0.0
-19.36,0.0
-19.56,0.0
-19.76,0.0
-20.17,0.0
-20.57,0.0
-20.77,0.0
-20.77,0.0
-20.77,0.0
-20.869999999999997,0.0
-21.079999999999995,0.0
-21.18,0.0
-21.479999999999997,0.0
0.0,0.0
-21.479999999999997,0.0
-21.479999999999997,0.0
-21.88,0.0
-22.39,0.0
-22.69,0.0
-22.789999999999996,0.0
-22.789999999999996,0.0
-22.789999999999996,0.0
-22.789999999999996,0.0
-22.89,0.0
-22.99,0.0
-23.09,0.0
-23.29,0.0
-23.29,0.0
-23.29,0.0
-23.29,0.0
-23.29,0.0
-23.29,0.0
-23.29,0.0
-23.29,0.0
-23.29,0.0
-23.29,0.0
-23.29,0.0
-23.29,0.0
-23.29,0.0
-23.29,0.0
-23.29,0.0
-23.29,0.0
-23.29,0.0
-23.29,0.0
-23.29,0.0
-23.39,0.0
-23.39,0.0
-23.6,0.0
-23.7,0.0
-23.799999999999997,0.0
-23.9,0.0
-23.9,0.0
-24.0,0.0
-24.1,0.0
-24.200000000000003,0.0
-24.200000000000003,0.0
-24.200000000000003,0.0
-24.3,0.0
-24.3,0.0
-24.3,0.0
-24.3,0.0
-24.3,0.0
-24.3,0.0
-24.3,0.0
-24.1,0.0
-23.6,0.0
-23.5,0.0
-23.5,0.0
-23.5,0.0
-23.5,0.0
-23.5,0.0
-23.5,0.0
-23.6,0.0
-24.1,0.0
-24.200000000000003,0.0
-24.3,0.0
-24.3,0.0
-24.4,0.0
-24.5,0.0
-24.810000000000002,0.0
-25.11,0.0
-25.11,0.0
-25.11,0.0
-25.31,0.0
-25.41,0.0
-25.51,0.0
-25.71,0.0
-25.92,0.0
-26.02,0.0
-26.02,0.0
-26.02,0.0
-26.02,0.0
-26.02,0.0
-26.02,0.0
-25.92,0.0
-25.41,0.0
-24.4,0.0
-23.799999999999997,0.0
-23.5,0.0
-23.39,0.0
-23.29,0.0
-23.09,0.0
-22.789999999999996,0.0
-22.29,0.0
-21.38,0.0
-20.57,0.0
-19.56,0.0
-18.859999999999996,0.0
-18.35,0.0
-18.25,0.0
-17.65,0.0
-16.54,0.0
-15.730000000000002,0.0
-15.030000000000001,0.0
-14.420000000000002,0.0
-14.22,0.0
-14.02,0.0
0.0,0.0
-13.41,0.0
-13.11,0.0
-12.709999999999999,0.0
-12.4,0.0
-12.2,0.0
-12.0,0.0
-11.39,0.0
-10.69,0.0
0.0,0.0
-10.49,0.0
-10.18,0.0
-9.18,0.0
-8.27,0.0
-8.17,0.0
-7.760000000000002,0.0
-7.659999999999998,0.0
-7.659999999999998,0.0
-7.659999999999998,0.0
-7.659999999999998,0.0
-7.659999999999998,0.0
-7.87,0.0
-7.969999999999999,0.0
-8.07,0.0
-8.07,0.0
-8.07,0.0
-8.17,0.0
-8.27,0.0
-8.77,0.0
-9.08,0.0
-9.380000000000003,0.0
-9.48,0.0
-9.48,0.0
-9.48,0.0
-9.48,0.0
-9.48,0.0
-9.48,0.0
-9.48,0.0
-9.48,0.0
-9.48,0.0
-9.48,0.0
-9.48,0.0
-9.380000000000003,0.0
-8.87,0.0
-8.67,0.0
-8.469999999999999,0.0
-8.469999999999999,0.0
-8.27,0.0
-7.969999999999999,0.0
-7.659999999999998,0.0
-7.36,0.0
-7.06,0.0
-6.860000000000001,0.0
-6.76,0.0
-6.76,0.0
-6.76,0.0
-6.76,0.0
-6.76,0.0
-6.659999999999999,0.0
-6.659999999999999,0.0
-6.659999999999999,0.0
-6.659999999999999,0.0
-6.659999999999999,0.0
-6.659999999999999,0.0
-6.659999999999999,0.0
-6.659999999999999,0.0
-6.659999999999999,0.0
-6.659999999999999,0.0
-6.659999999999999,0.0
0.0,0.0
-6.659999999999999,0.0
-6.659999999999999,0.0
-6.659999999999999,0.0
-6.659999999999999,0.0
-6.659999999999999,0.0
-6.659999999999999,0.0
-6.659999999999999,0.0
-6.55,0.0
-6.55,0.0
-6.55,0.0
-6.55,0.0
-6.55,0.0
-6.55,0.0
-6.55,0.0
-6.55,0.0
-6.860000000000001,0.0
-7.16,0.0
-7.16,0.0
-7.16,0.0
-7.16,0.0
-7.16,0.0
-7.16,0.0
-7.16,0.0
-7.16,0.0
-7.16,0.0
-7.16,0.0
-7.16,0.0
-7.16,0.0
-7.16,0.0
-7.16,0.0
-7.06,0.0
-7.06,0.0
-6.860000000000001,0.0
-6.76,0.0
-6.659999999999999,0.0
-6.55,0.0
-6.55,0.0
-6.55,0.0
-6.45,0.0
-6.45,0.0
-6.45,0.0
-6.45,0.0
-6.45,0.0
-6.45,0.0
-6.45,0.0
-6.45,0.0
-6.45,0.0
-6.45,0.0
-6.45,0.0
-6.45,0.0
-6.45,0.0
-6.45,0.0
-6.45,0.0
-6.45,0.0
-6.45,0.0
-6.45,0.0
-6.45,0.0
-6.45,0.0
-6.45,0.0
-6.45,0.0
-6.45,0.0
-6.45,0.0
-6.45,0.0
-6.45,0.0
-6.35,0.0
-6.050000000000001,0.0
-5.949999999999999,0.0
-5.139999999999999,0.0
-4.64,0.0
-3.9300000000000006,0.0
-3.53,0.0
-3.3299999999999996,0.0
-3.13,0.0
-2.82,0.0
-2.42,0.0
-2.22,0.0
-1.92,0.0
-1.6100000000000003,0.0
-1.21,0.0
-0.71,0.0
-0.1,0.0
0.1,0.0
0.4,0.0
0.81,0.0
1.01,0.0
1.01,0.0
1.21,0.0
1.21,0.0
1.31,0.0
1.31,0.0
1.31,0.0
1.31,0.0
1.31,0.0
1.31,0.0
1.31,0.0
1.31,0.0
0.0,0.0
1.31,0.0
1.41,0.0
1.41,0.0
1.51,0.0
1.41,0.0
1.41,0.0
1.41,0.0
1.31,0.0
1.21,0.0
1.01,0.0
0.91,0.0
0.91,0.0
0.91,0.0
0.81,0.0
0.71,0.0
0.61,0.0
0.61,0.0
0.61,0.0
0.61,0.0
0.61,0.0
0.61,0.0
0.61,0.0
0.5,0.0
0.4,0.0
0.4,0.0
0.4,0.0
0.4,0.0
0.3,0.0
0.0,0.0
0.0,0.0
-0.5,0.0
-0.71,0.0
-0.91,0.0
-1.11,0.0
-1.11,0.0
-1.11,0.0
0.0,0.0
-1.11,0.0
-1.11,0.0
-1.11,0.0
-1.11,0.0
-1.11,0.0
-1.11,0.0
-1.11,0.0
-1.11,0.0
0.0,0.0
-1.11,0.0
-1.11,0.0
-1.11,0.0
-1.11,0.0
-1.11,0.0
-1.11,0.0
-1.11,0.0
-1.11,0.0
-1.11,0.0
-1.11,0.0
-1.11,0.0
-1.11,0.0
-1.11,0.0
-1.11,0.0
-1.11,0.0
-1.11,0.0
-1.21,0.0
-1.11,0.0
-0.61,0.0
-0.61,0.0
-0.61,0.0
-0.61,0.0
-0.61,0.0
-0.61,0.0
-0.61,0.0
-0.5,0.0
-0.2,0.0
-0.1,0.0
-0.1,0.0
0.0,0.0
0.5,0.0
0.0,0.0
1.92,0.0
2.12,0.0
2.12,0.0
2.12,0.0
2.12,0.0
2.12,0.0
2.12,0.0
2.12,0.0
2.12,0.0
2.12,0.0
2.02,0.0
1.51,0.0
0.0,0.0
1.01,0.0
0.61,0.0
0.5,0.0
0.3,0.0
0.3,0.0
0.3,0.0
0.3,0.0
0.3,0.0
0.3,0.0
0.3,0.0
0.3,0.0
0.3,0.0
0.3,0.0
0.3,0.0
0.3,0.0
0.2,0.0
0.1,0.0
0.0,0.0
0.0,0.0
-0.3,0.0
-0.4,0.0
-0.5,0.0
-0.81,0.0
-1.51,0.0
-2.42,0.0
-3.03,0.0
-3.7300000000000004,0.0
-4.34,0.0
-4.54,0.0
-4.94,0.0
-5.340000000000001,0.0
-6.150000000000001,0.0
-7.06,0.0
-8.469999999999999,0.0
-9.68,0.0
-10.29,0.0
-10.49,0.0
-10.69,0.0
-11.19,0.0
-12.0,0.0
-12.81,0.0
-13.41,0.0
-13.51,0.0
-13.610000000000001,0.0
-13.71,0.0
-14.12,0.0
-14.52,0.0
-14.72,0.0
-15.13,0.0
-15.43,0.0
-15.929999999999998,0.0
-16.34,0.0
-16.64,0.0
-16.84,0.0
0.0,0.0
-17.45,0.0
-18.05,0.0
-18.25,0.0
-18.25,0.0
-18.25,0.0
-18.25,0.0
-18.25,0.0
-18.25,0.0
-18.25,0.0
-18.45,0.0
-18.45,0.0
-18.55,0.0
-18.55,0.0
-18.859999999999996,0.0
-19.36,0.0
-19.66,0.0
-20.07,0.0
-20.17,0.0
-20.17,0.0
-20.17,0.0
-20.17,0.0
-20.17,0.0
-20.17,0.0
-19.56,0.0
-19.060000000000002,0.0
-18.05,0.0
-17.34,0.0
-17.140000000000004,0.0
-17.140000000000004,0.0
-17.04,0.0
-16.64,0.0
-15.929999999999998,0.0
-14.82,0.0
-14.12,0.0
-14.02,0.0
-14.02,0.0
-14.02,0.0
-14.02,0.0
-13.92,0.0
-13.92,0.0
-13.71,0.0
-13.21,0.0
-13.01,0.0
-12.709999999999999,0.0
-12.61,0.0
-12.100000000000001,0.0
-11.899999999999999,0.0
-11.8,0.0
-11.699999999999998,0.0
-11.699999999999998,0.0
-11.6,0.0
-11.6,0.0
-11.6,0.0
-11.699999999999998,0.0
-11.8,0.0
-11.8,0.0
-11.290000000000001,0.0
-10.49,0.0
-9.28,0.0
-8.570000000000002,0.0
-8.07,0.0
-7.87,0.0
-7.87,0.0
-7.87,0.0
-7.87,0.0
-7.87,0.0
-8.17,0.0
-8.67,0.0
-9.48,0.0
-10.389999999999999,0.0
-11.19,0.0
-11.8,0.0
-12.2,0.0
-12.2,0.0
-12.2,0.0
-12.2,0.0
-12.2,0.0
-12.2,0.0
-12.2,0.0
0.0,0.0
-11.899999999999999,0.0
-11.699999999999998,0.0
-11.39,0.0
-11.19,0.0
-10.89,0.0
-10.69,0.0
-10.389999999999999,0.0
-9.58,0.0
-8.67,0.0
-8.27,0.0
-8.07,0.0
-8.07,0.0
-7.969999999999999,0.0
-7.969999999999999,0.0
-7.969999999999999,0.0
-7.760000000000002,0.0
-7.460000000000001,0.0
-6.96,0.0
-6.76,0.0
-6.45,0.0
-5.949999999999999,0.0
-5.65,0.0
-4.94,0.0
-3.829999999999999,0.0
-3.3299999999999996,0.0
-2.92,0.0
-2.92,0.0
-2.92,0.0
-2.32,0.0
-2.22,0.0
-2.22,0.0
-2.12,0.0
-2.12,0.0
-2.02,0.0
-1.92,0.0
-1.92,0.0
-1.92,0.0
-1.92,0.0
-1.92,0.0
-1.71,0.0
-1.51,0.0
-1.21,0.0
-0.81,0.0
-0.1,0.0
0.3,0.0
0.81,0.0
0.91,0.0
1.21,0.0
1.41,0.0
1.51,0.0
1.51,0.0
1.51,0.0
1.51,0.0
1.51,0.0
1.51,0.0
1.51,0.0
1.51,0.0
1.51,0.0
1.51,0.0
1.41,0.0
1.31,0.0
1.31,0.0
1.51,0.0
1.6100000000000003,0.0
1.6100000000000003,0.0
1.6100000000000003,0.0
1.51,0.0
1.51,0.0
1.51,0.0
1.51,0.0
1.51,0.0
1.51,0.0
1.51,0.0
1.51,0.0
1.51,0.0
1.51,0.0
0.0,0.0
1.6100000000000003,0.0
1.6100000000000003,0.0
1.6100000000000003,0.0
1.82,0.0
2.12,0.0
2.82,0.0
3.7300000000000004,0.0
4.44,0.0
4.84,0.0
5.45,0.0
5.75,0.0
6.25,0.0
6.96,0.0
7.659999999999998,0.0
8.17,0.0
8.570000000000002,0.0
9.08,0.0
9.380000000000003,0.0
9.68,0.0
10.08,0.0
10.29,0.0
10.49,0.0
10.59,0.0
0.0,0.0
11.290000000000001,0.0
11.8,0.0
12.2,0.0
12.300000000000002,0.0
12.300000000000002,0.0
12.300000000000002,0.0
12.4,0.0
12.5,0.0
12.709999999999999,0.0
12.910000000000002,0.0
13.01,0.0
13.01,0.0
13.01,0.0
13.01,0.0
13.01,0.0
13.11,0.0
13.11,0.0
13.11,0.0
13.21,0.0
13.51,0.0
13.92,0.0
14.12,0.0
14.52,0.0
14.72,0.0
14.82,0.0
15.030000000000001,0.0
15.13,0.0
15.13,0.0
15.13,0.0
15.13,0.0
15.030000000000001,0.0
14.52,0.0
14.22,0.0
14.02,0.0
0.0,0.0
13.51,0.0
13.01,0.0
12.5,0.0
11.6,0.0
10.99,0.0
10.49,0.0
9.979999999999999,0.0
9.48,0.0
0.0,0.0
8.17,0.0
7.87,0.0
7.87,0.0
7.87,0.0
7.87,0.0
7.87,0.0
7.87,0.0
7.760000000000002,0.0
7.760000000000002,0.0
7.87,0.0
7.659999999999998,0.0
7.559999999999999,0.0
7.460000000000001,0.0
7.460000000000001,0.0
7.460000000000001,0.0
0.0,0.0
7.36,0.0
7.06,0.0
6.860000000000001,0.0
6.35,0.0
6.25,0.0
6.050000000000001,0.0
5.849999999999999,0.0
5.75,0.0
5.75,0.0
5.55,0.0
5.45,0.0
4.94,0.0
4.54,0.0
3.829999999999999,0.0
2.92,0.0
2.32,0.0
1.71,0.0
0.91,0.0
0.3,0.0
-0.5,0.0
-1.31,0.0
-1.41,0.0
-1.41,0.0
-1.92,0.0
-2.62,0.0
-2.92,0.0
-2.92,0.0
-2.32,0.0
-1.71,0.0
-1.6100000000000003,0.0
-1.51,0.0
-1.51,0.0
-1.31,0.0
0.0,0.0
-1.41,0.0
-1.41,0.0
-1.31,0.0
-1.11,0.0
-1.11,0.0
-1.11,0.0
-1.01,0.0
-0.91,0.0
-0.81,0.0
-0.81,0.0
-0.81,0.0
-0.81,0.0
-0.4,0.0
0.0,0.0
0.1,0.0
0.1,0.0
0.2,0.0
0.0,0.0
0.91,0.0
0.91,0.0
0.91,0.0
1.01,0.0
1.01,0.0
0.91,0.0
0.91,0.0
0.3,0.0
-0.4,0.0
-1.6100000000000003,0.0
-2.92,0.0
-3.829999999999999,0.0
-5.139999999999999,0.0
-7.06,0.0
-8.77,0.0
-11.899999999999999,0.0
-14.12,0.0
-17.34,0.0
-20.57,0.0
-23.189999999999998,0.0
-26.72,0.0
-29.04,0.0
-32.27,0.0
-34.29,0.0
-36.61,0.0
-38.62,0.0
-40.34,0.0
-42.45,0.0
-44.87,0.0
-47.09,0.0
-49.51,0.0
-49.71,0.0
-49.71,0.0
-49.71,0.0
-49.11,0.0
-48.0,0.0
-46.89,0.0
-46.49,0.0
-46.49,0.0
-46.49,0.0
-46.49,0.0
-46.39,0.0
-46.39,0.0
-46.29,0.0
-46.18,0.0
-45.98,0.0
-45.98,0.0
-45.98,0.0
-46.39,0.0
-47.19,0.0
-48.10000000000001,0.0
-49.21,0.0
-50.82,0.0
-51.93,0.0
-53.45,0.0
-54.45000000000001,0.0
-55.56,0.0
-56.77000000000001,0.0
-57.879999999999995,0.0
-59.29,0.0
-60.2,0.0
-61.509999999999984,0.0
-62.92000000000001,0.0
-64.13,0.0
-65.45,0.0
-66.35,0.0
-67.26,0.0
-68.26999999999998,0.0
-69.68,0.0
-71.79,0.0
-72.5,0.0
-73.40999999999998,0.0
-74.42,0.0
-75.03,0.0
-75.53000000000002,0.0
-75.73000000000002,0.0
-75.83,0.0
-75.83,0.0
-75.83,0.0
-75.83,0.0
-75.83,0.0
-75.03,0.0
-74.12,0.0
-72.91,0.0
-72.1,0.0
-71.6,0.0
-71.29,0.0
-71.19,0.0
-70.79000000000002,0.0
-70.29,0.0
-69.78000000000002,0.0
-68.97,0.0
-68.67,0.0
-68.37,0.0
-68.37,0.0
-68.46999999999998,0.0
-68.57,0.0
-68.77,0.0
-69.18,0.0
-69.78000000000002,0.0
-70.29,0.0
-70.59000000000002,0.0
-70.59000000000002,0.0
-70.59000000000002,0.0
-70.59000000000002,0.0
-70.59000000000002,0.0
-70.49,0.0
-70.29,0.0
-69.78000000000002,0.0
-69.48,0.0
-68.87,0.0
0.0,0.0
-67.06,0.0
-66.05,0.0
-65.65000000000002,0.0
-65.55,0.0
-65.55,0.0
-65.34,0.0
-65.04000000000002,0.0
-64.54,0.0
-63.83,0.0
-63.230000000000004,0.0
-62.71999999999999,0.0
-62.42,0.0
-62.22,0.0
-62.22,0.0
-62.22,0.0
-62.22,0.0
-62.22,0.0
-62.22,0.0
-62.22,0.0
-62.42,0.0
-62.71999999999999,0.0
-63.03,0.0
-63.13,0.0
0.0,0.0
-63.52999999999999,0.0
-64.54,0.0
-65.34,0.0
-66.05,0.0
-66.05,0.0
-66.05,0.0
-65.95,0.0
-65.95,0.0
-65.95,0.0
-65.95,0.0
-65.95,0.0
-66.35,0.0
-66.55,0.0
-66.76,0.0
-66.86,0.0
-66.86,0.0
-66.86,0.0
-66.86,0.0
-66.86,0.0
-66.86,0.0
-66.86,0.0
-66.86,0.0
-66.96,0.0
-66.96,0.0
-67.56,0.0
-68.07,0.0
-68.87,0.0
-69.38,0.0
-69.78000000000002,0.0
-69.98000000000002,0.0
-70.29,0.0
-70.59000000000002,0.0
-70.79000000000002,0.0
-70.99,0.0
-70.99,0.0
-70.99,0.0
-70.99,0.0
-70.99,0.0
-70.99,0.0
-70.99,0.0
-70.99,0.0
-70.99,0.0
-70.79000000000002,0.0
-70.59000000000002,0.0
-70.39,0.0
-70.39,0.0
-70.39,0.0
-70.39,0.0
-70.39,0.0
-70.39,0.0
-70.59000000000002,0.0
-70.89,0.0
-71.09,0.0
-71.19,0.0
-71.19,0.0
-71.29,0.0
-71.39,0.0
-71.39,0.0
-71.39,0.0
-71.39,0.0
-71.39,0.0
-71.39,0.0
-71.39,0.0
-71.39,0.0
-71.39,0.0
-71.39,0.0
-71.39,0.0
-71.39,0.0
0.0,0.0
-71.6,0.0
-71.9,0.0
-72.4,0.0
-72.61,0.0
-72.71,0.0
-72.71,0.0
-72.81,0.0
-72.81,0.0
-72.81,0.0
-72.81,0.0
-72.81,0.0
-72.81,0.0
-72.81,0.0
-72.81,0.0
-72.81,0.0
-72.81,0.0
-72.81,0.0
-72.3,0.0
-71.5,0.0
-69.68,0.0
-67.16,0.0
-65.24,0.0
-63.13,0.0
-61.41,0.0
-59.19,0.0
-57.18,0.0
-53.95,0.0
-50.720000000000006,0.0
-46.18,0.0
-44.07,0.0
-41.34,0.0
-38.62,0.0
-36.2,0.0
-34.39,0.0
-32.169999999999995,0.0
-30.76,0.0
-29.24,0.0
-27.830000000000002,0.0
-26.72,0.0
-25.71,0.0
-25.01,0.0
-24.200000000000003,0.0
-23.09,0.0
-22.49,0.0
-21.78,0.0
-20.869999999999997,0.0
-19.87,0.0
-19.060000000000002,0.0
-18.45,0.0
0.0,0.0
-16.84,0.0
-15.83,0.0
-14.920000000000002,0.0
-14.52,0.0
-14.12,0.0
-14.12,0.0
-14.02,0.0
-13.11,0.0
-11.19,0.0
-9.68,0.0
-9.28,0.0
-9.28,0.0
-9.28,0.0
-9.18,0.0
-9.380000000000003,0.0
-9.380000000000003,0.0
-9.380000000000003,0.0
-9.380000000000003,0.0
-9.48,0.0
-9.48,0.0
-9.48,0.0
-9.28,0.0
-9.28,0.0
-9.18,0.0
-9.18,0.0
-9.380000000000003,0.0
-10.29,0.0
0.0,0.0
-13.31,0.0
-14.72,0.0
-16.54,0.0
-17.75,0.0
-18.66,0.0
-19.66,0.0
-20.17,0.0
-20.469999999999995,0.0
-20.57,0.0
-20.57,0.0
-20.57,0.0
-20.57,0.0
-20.57,0.0
-20.57,0.0
-20.57,0.0
-20.57,0.0
-20.57,0.0
-20.57,0.0
-20.67,0.0
-20.869999999999997,0.0
-21.28,0.0
-21.68,0.0
-21.98,0.0
-22.29,0.0
-22.59,0.0
-22.89,0.0
-23.189999999999998,0.0
-23.29,0.0
-23.29,0.0
-23.29,0.0
-23.29,0.0
-23.29,0.0
-23.29,0.0
-23.29,0.0
-23.29,0.0
-23.29,0.0
-23.29,0.0
-23.29,0.0
-23.29,0.0
-23.29,0.0
-23.29,0.0
-23.29,0.0
-23.29,0.0
-23.39,0.0
-23.39,0.0
-23.39,0.0
-23.39,0.0
-23.39,0.0
-23.39,0.0
-23.39,0.0
-23.39,0.0
-23.189999999999998,0.0
-23.09,0.0
-22.789999999999996,0.0
-22.179999999999996,0.0
-21.78,0.0
-21.479999999999997,0.0
-21.18,0.0
-20.869999999999997,0.0
-20.469999999999995,0.0
-19.97,0.0
-19.56,0.0
-18.96,0.0
-18.55,0.0
-18.55,0.0
-18.55,0.0
-18.859999999999996,0.0
-19.16,0.0
-19.36,0.0
-19.36,0.0
-19.36,0.0
-19.36,0.0
-19.36,0.0
-19.36,0.0
-19.36,0.0
-19.36,0.0
-19.36,0.0
-19.36,0.0
-19.16,0.0
-18.06,0.0
-18.760000000000005,0.0
-18.55,0.0
-18.35,0.0
-18.35,0.0
-18.35,0.0
-18.25,0.0
-18.25,0.0
-18.25,0.0
-17.95,0.0
-17.65,0.0
-17.45,0.0
-17.34,0.0
-17.140000000000004,0.0
-16.64,0.0
-16.13,0.0
-15.53,0.0
-14.72,0.0
-13.82,0.0
-12.100000000000001,0.0
-10.59,0.0
-9.380000000000003,0.0
-8.87,0.0
-8.469999999999999,0.0
-8.07,0.0
-7.760000000000002,0.0
-7.36,0.0
-6.76,0.0
-5.949999999999999,0.0
-5.55,0.0
-5.04,0.0
-4.54,0.0
-2.82,0.0
-1.71,0.0
-0.71,0.0
0.0,0.0
0.5,0.0
1.21,0.0
2.62,0.0
3.3299999999999996,0.0
3.7300000000000004,0.0
3.829999999999999,0.0
3.9300000000000006,0.0
3.7300000000000004,0.0
3.7300000000000004,0.0
3.7300000000000004,0.0
3.63,0.0
3.63,0.0
3.63,0.0
3.4300000000000006,0.0
3.23,0.0
3.23,0.0
3.13,0.0
3.3299999999999996,0.0
3.4300000000000006,0.0
3.7300000000000004,0.0
3.9300000000000006,0.0
4.64,0.0
5.340000000000001,0.0
6.050000000000001,0.0
6.050000000000001,0.0
6.050000000000001,0.0
6.050000000000001,0.0
6.25,0.0
6.55,0.0
7.06,0.0
7.969999999999999,0.0
8.77,0.0
9.78,0.0
10.49,0.0
11.39,0.0
12.300000000000002,0.0
13.41,0.0
15.33,0.0
16.939999999999998,0.0
18.149999999999995,0.0
19.36,0.0
20.97,0.0
22.39,0.0
24.3,0.0
25.820000000000004,0.0
27.43,0.0
29.650000000000002,0.0
31.460000000000004,0.0
33.58,0.0
35.19,0.0
37.10999999999999,0.0
38.52,0.0
0.0,0.0
43.06,0.0
45.279999999999994,0.0
47.89999999999999,0.0
49.82,0.0
51.93,0.0
53.34,0.0
55.06000000000001,0.0
56.27,0.0
58.180000000000014,0.0
59.8,0.0
61.92,0.0
64.13,0.0
66.05,0.0
67.65999999999998,0.0
68.97,0.0
70.29,0.0
71.6,0.0
72.5,0.0
73.31,0.0
74.01999999999998,0.0
74.92000000000002,0.0
76.03,0.0
76.74,0.0
78.05,0.0
79.15999999999998,0.0
80.77,0.0
81.98,0.0
83.39,0.0
84.5,0.0
85.51000000000002,0.0
86.22,0.0
87.13,0.0
88.13,0.0
90.05,0.0
91.87,0.0
93.48,0.0
94.18,0.0
94.59,0.0
95.09,0.0
95.6,0.0
96.61000000000001,0.0
97.31,0.0
97.51,0.0
97.51,0.0
97.51,0.0
97.92,0.0
97.92,0.0
97.92,0.0
97.92,0.0
97.92,0.0
97.92,0.0
97.92,0.0
97.82,0.0
96.81,0.0
95.6,0.0
94.28999999999999,0.0
0.0,0.0
90.86,0.0
90.24999999999999,0.0
90.24999999999999,0.0
90.45,0.0
90.55,0.0
90.66,0.0
90.96,0.0
91.06000000000002,0.0
91.06000000000002,0.0
91.06000000000002,0.0
91.46,0.0
92.27,0.0
93.08,0.0
93.28,0.0
93.48,0.0
93.68,0.0
93.88,0.0
93.97999999999999,0.0
94.18,0.0
94.39,0.0
94.88999999999999,0.0
95.38999999999999,0.0
95.70000000000002,0.0
95.79999999999998,0.0
96.1,0.0
96.61000000000001,0.0
96.91,0.0
96.91,0.0
96.81,0.0
96.81,0.0
96.61000000000001,0.0
96.29999999999998,0.0
96.0,0.0
95.5,0.0
94.78999999999999,0.0
0.0,0.0
92.67,0.0
91.76,0.0
91.26,0.0
91.26,0.0
91.26,0.0
91.15999999999998,0.0
90.66,0.0
89.64999999999999,0.0
88.13,0.0
87.53,0.0
87.53,0.0
87.53,0.0
87.43,0.0
87.43,0.0
87.53,0.0
87.63,0.0
87.73,0.0
87.83,0.0
87.93,0.0
87.93,0.0
0.0,0.0
88.13,0.0
88.54,0.0
88.84,0.0
88.84,0.0
88.84,0.0
88.84,0.0
88.84,0.0
88.84,0.0
88.84,0.0
88.84,0.0
88.84,0.0
88.84,0.0
88.84,57.295776
88.84,57.295776
88.94,57.295776
88.64,57.295776
88.44,0.0
0.0,0.0
87.33000000000001,0.0
87.13,0.0
87.13,0.0
87.13,0.0
86.72,0.0
86.22,0.0
85.71,0.0
84.5,0.0
82.69000000000001,0.0
80.97,0.0
80.17,0.0
79.97,0.0
79.87,0.0
79.87,0.0
79.26,0.0
78.05,0.0
76.74,0.0
75.43,0.0
74.62,0.0
73.92,0.0
73.31,0.0
73.01,0.0
72.5,0.0
70.99,0.0
69.18,0.0
67.16,0.0
65.85,0.0
0.0,0.0
64.74,0.0
63.32999999999999,0.0
62.019999999999996,0.0
60.29999999999999,0.0
58.99000000000001,0.0
56.97,0.0
54.66,0.0
51.63,0.0
49.31,0.0
47.09,0.0
45.279999999999994,0.0
43.36,0.0
41.85,0.0
39.43,0.0
36.5,0.0
34.08,0.0
30.86,0.0
28.44,0.0
24.810000000000002,0.0
21.78,0.0
19.87,0.0
19.26,0.0
18.760000000000005,0.0
0.0,0.0
18.25,0.0
18.25,0.0
18.25,0.0
18.149999999999995,0.0
17.75,0.0
17.55,0.0
17.34,0.0
17.239999999999995,0.0
16.64,0.0
15.33,0.0
14.22,0.0
13.31,0.0
12.300000000000002,0.0
11.2,0.0
0.0,0.0
10.08,0.0
0.0,0.0
10.08,0.0
10.08,0.0
10.08,0.0
10.08,0.0
10.08,0.0
10.389999999999999,0.0
10.389999999999999,0.0
10.89,0.0
11.089999999999998,0.0
11.290000000000001,0.0
11.290000000000001,0.0
11.6,0.0
11.8,0.0
12.2,0.0
12.709999999999999,0.0
13.01,0.0
13.21,0.0
13.21,0.0
13.21,0.0
13.21,0.0
13.31,0.0
13.51,0.0
13.82,0.0
14.12,0.0
14.62,0.0
15.030000000000001,0.0
0.0,0.0
15.33,0.0
15.33,0.0
15.43,0.0
15.53,0.0
15.83,0.0
16.24,0.0
16.939999999999998,0.0
17.239999999999995,0.0
17.55,0.0
17.55,0.0
17.55,0.0
17.55,0.0
17.55,0.0
17.55,0.0
17.55,0.0
17.34,0.0
16.34,0.0
15.53,0.0
14.52,0.0
13.92,0.0
13.82,0.0
13.82,0.0
13.82,0.0
13.92,0.0
14.22,0.0
14.420000000000002,0.0
14.52,0.0
14.62,0.0
14.920000000000002,0.0
15.030000000000001,0.0
15.030000000000001,0.0
14.72,0.0
14.32,0.0
14.02,0.0
13.82,0.0
13.82,0.0
13.82,0.0
13.82,0.0
13.82,0.0
13.82,0.0
13.610000000000001,0.0
13.51,0.0
13.41,0.0
13.41,0.0
13.41,0.0
13.41,0.0
13.41,0.0
13.41,0.0
13.41,0.0
13.41,0.0
13.41,0.0
13.610000000000001,0.0
13.92,0.0
14.02,0.0
14.12,0.0
14.12,0.0
14.12,0.0
14.12,0.0
14.12,0.0
14.12,0.0
14.12,0.0
14.12,0.0
14.12,0.0
14.12,0.0
14.12,0.0
14.12,0.0
14.12,0.0
14.02,0.0
13.92,0.0
13.82,0.0
13.82,0.0
13.82,0.0
13.51,0.0
13.21,0.0
12.709999999999999,0.0
12.4,0.0
12.4,0.0
12.4,0.0
12.300000000000002,0.0
11.899999999999999,0.0
11.6,0.0
11.5,0.0
11.5,0.0
11.5,0.0
11.5,0.0
11.5,0.0
11.5,0.0
11.5,0.0
11.290000000000001,0.0
11.290000000000001,0.0
11.19,0.0
11.290000000000001,0.0
11.19,0.0
11.19,0.0
11.19,0.0
11.19,0.0
11.19,0.0
11.19,0.0
11.19,0.0
11.39,0.0
11.6,0.0
11.8,0.0
12.0,0.0
12.100000000000001,0.0
12.5,0.0
12.81,0.0
13.41,0.0
13.82,0.0
14.12,0.0
14.12,0.0
14.12,0.0
14.12,0.0
14.12,0.0
14.12,0.0
14.22,0.0
14.32,0.0
14.32,0.0
14.32,0.0
14.32,0.0
14.72,0.0
14.920000000000002,0.0
15.030000000000001,0.0
15.33,0.0
15.83,0.0
16.03,0.0
16.03,0.0
16.03,0.0
15.83,0.0
15.730000000000002,0.0
15.53,0.0
15.43,0.0
15.13,0.0
15.030000000000001,0.0
15.030000000000001,0.0
14.82,0.0
0.0,0.0
14.12,0.0
13.31,0.0
12.5,0.0
12.2,0.0
12.2,0.0
12.0,0.0
11.899999999999999,0.0
11.6,0.0
11.6,0.0
11.290000000000001,0.0
11.290000000000001,0.0
11.19,0.0
11.089999999999998,0.0
10.89,0.0
10.59,0.0
10.18,0.0
9.979999999999999,0.0
9.979999999999999,0.0
9.88,0.0
9.68,0.0
9.68,0.0
9.68,0.0
9.68,0.0
9.48,0.0
9.18,0.0
8.97,0.0
8.97,0.0
8.97,0.0
8.67,0.0
8.67,0.0
8.67,0.0
8.77,0.0
8.77,0.0
8.67,0.0
8.67,0.0
8.67,0.0
8.67,0.0
8.67,0.0
8.37,0.0
7.87,0.0
7.36,0.0
6.55,0.0
0.0,0.0
5.24,0.0
5.139999999999999,0.0
5.139999999999999,0.0
5.340000000000001,0.0
5.45,0.0
5.340000000000001,0.0
5.340000000000001,0.0
5.340000000000001,0.0
5.340000000000001,0.0
5.340000000000001,0.0
3.9300000000000006,0.0
2.32,0.0
1.21,0.0
1.01,0.0
1.01,0.0
1.01,0.0
1.01,0.0
1.01,0.0
1.01,0.0
1.01,0.0
1.01,0.0
1.01,0.0
0.91,0.0
0.4,0.0
0.0,0.0
0.0,0.0
0.0,0.0
0.0,0.0
0.0,0.0
-0.1,0.0
-0.5,0.0
-0.81,0.0
-0.81,0.0
-1.11,0.0
-1.82,0.0
-2.7200000000000006,0.0
-3.53,0.0
-5.139999999999999,0.0
0.0,0.0
-13.11,0.0
-17.65,0.0
-22.789999999999996,0.0
-25.820000000000004,0.0
-27.530000000000005,0.0
-29.04,0.0
-30.25,0.0
-31.969999999999995,0.0
-33.48,0.0
-35.8,0.0
-37.51,0.0
-39.53,0.0
-40.93999999999999,0.0
-42.45,0.0
-43.76,0.0
-44.87,0.0
-46.39,0.0
-47.19,0.0
-48.3,0.0
-49.010000000000005,0.0
-50.22,0.0
-51.73,0.0
-53.040000000000006,0.0
-54.45000000000001,0.0
-55.26,0.0
-56.37,0.0
-57.18,0.0
-58.79000000000001,0.0
-60.2,0.0
-61.70999999999999,0.0
-62.42,0.0
-63.52999999999999,0.0
-63.83,0.0
-63.83,0.0
-63.83,0.0
-63.83,0.0
-63.83,0.0
-63.93000000000001,0.0
-64.24000000000001,0.0
-64.64,0.0
-64.94,0.0
0.0,0.0
-65.65000000000002,0.0
-65.65000000000002,0.0
-65.65000000000002,0.0
-65.75,0.0
-66.05,0.0
-66.76,0.0
-67.75999999999999,0.0
-69.48,0.0
-71.09,0.0
-72.5,0.0
-73.61,0.0
-74.72000000000001,0.0
-76.54000000000002,0.0
-77.24,0.0
-78.34999999999998,0.0
-79.75999999999999,0.0
-80.57,0.0
-80.97,0.0
-81.38,0.0
-82.49,0.0
-83.19,0.0
-83.60000000000001,0.0
-83.7,0.0
-83.8,0.0
-84.5,0.0
-85.60999999999999,0.0
-86.72,0.0
-87.13,0.0
-87.63,0.0
-88.03,0.0
-88.13,0.0
-88.13,0.0
-88.13,0.0
-88.13,0.0
-88.13,0.0
-88.13,0.0
-88.13,0.0
-88.13,0.0
-88.13,0.0
-88.13,0.0
-88.13,0.0
-88.03,0.0
-87.73,0.0
-87.23,0.0
-86.51999999999998,0.0
-85.82,0.0
-85.31,0.0
-85.11,0.0
-85.00999999999999,0.0
-84.91,0.0
-84.81,0.0
-83.9,0.0
-83.29,0.0
-82.59,0.0
-81.38,0.0
-80.57,0.0
-79.75999999999999,0.0
-79.06,0.0
-78.76,0.0
-78.55,0.0
-78.15,0.0
-77.14,0.0
-75.93,0.0
-74.01999999999998,0.0
0.0,0.0
-70.39,0.0
-69.78000000000002,0.0
-69.68,0.0
-69.68,0.0
-69.68,0.0
-69.68,0.0
-69.58,0.0
-69.18,0.0
0.0,0.0
-67.45999999999998,0.0
-66.86,0.0
-66.66,0.0
-66.66,0.0
-66.05,0.0
-65.24,0.0
-64.44,0.0
-64.24000000000001,0.0
-63.83,0.0
-63.52999999999999,0.0
-63.52999999999999,0.0
-63.52999999999999,0.0
-63.32999999999999,0.0
-63.230000000000004,0.0
-62.81999999999999,0.0
-61.92,0.0
-61.31,0.0
-61.11,0.0
-61.11,0.0
-61.31,0.0
-62.52,0.0
-64.54,0.0
-66.96,0.0
-67.97,0.0
-68.07,0.0
-68.07,0.0
-68.07,0.0
-68.07,0.0
-68.17,0.0
-68.17,0.0
-68.97,0.0
-70.08,0.0
-71.19,0.0
-71.29,0.0
-71.29,0.0
-71.29,0.0
-71.29,0.0
-71.39,0.0
-71.5,0.0
-72.0,0.0
-72.81,0.0
-73.71,0.0
-73.92,0.0
-74.01999999999998,0.0
-74.01999999999998,0.0
-74.21999999999998,0.0
-74.32,0.0
-74.42,0.0
-74.42,0.0
-74.62,0.0
-75.33,0.0
-76.03,0.0
-76.74,0.0
-76.84,0.0
-76.84,0.0
-76.84,0.0
-76.84,0.0
-77.04,0.0
-77.34,0.0
-77.95,0.0
-78.55,0.0
-79.15999999999998,0.0
-79.26,0.0
-79.46,0.0
-79.75999999999999,0.0
-80.37,0.0
-80.57,0.0
-80.77,0.0
-81.08,0.0
-81.48000000000002,0.0
-81.98,0.0
-82.79,0.0
-83.5,0.0
-84.1,0.0
-84.3,0.0
-84.4,0.0
-84.4,0.0
-84.5,0.0
0.0,0.0
-84.5,0.0
0.0,0.0
-84.3,0.0
-82.89,0.0
-79.75999999999999,0.0
-76.54000000000002,0.0
-72.81,0.0
-67.65999999999998,0.0
-62.42,0.0
-58.08,0.0
-54.96,0.0
-51.330000000000005,0.0
-47.599999999999994,0.0
-44.96999999999999,0.0
-42.66,0.0
-40.24,0.0
-37.00999999999999,0.0
-35.29,0.0
-33.58,0.0
-30.76,0.0
-29.04,0.0
-26.82,0.0
-25.31,0.0
-23.799999999999997,0.0
-21.28,0.0
-19.36,0.0
-17.04,0.0
-15.53,0.0
-14.32,0.0
-13.71,0.0
-12.100000000000001,0.0
-11.089999999999998,0.0
-10.08,0.0
-10.08,0.0
-9.88,0.0
-8.08,0.0
-7.969999999999999,0.0
-7.659999999999998,0.0
-7.559999999999999,0.0
-7.559999999999999,0.0
-7.06,0.0
-6.45,0.0
-5.849999999999999,0.0
-5.45,0.0
-5.45,0.0
-5.45,0.0
-5.45,0.0
-5.45,0.0
-5.45,0.0
-5.45,0.0
-5.45,0.0
-5.45,0.0
-5.45,0.0
-5.45,0.0
-5.45,0.0
-5.340000000000001,0.0
-5.340000000000001,0.0
-5.340000000000001,0.0
-5.340000000000001,0.0
0.0,0.0
-4.84,0.0
-4.84,0.0
-4.84,0.0
-4.84,0.0
-4.84,0.0
-4.84,0.0
-4.84,0.0
-4.84,0.0
-4.84,0.0
-4.84,0.0
-4.84,0.0
-4.84,0.0
-4.84,0.0
-4.84,0.0
0.0,0.0
-4.84,0.0
-4.84,0.0
-4.84,0.0
-4.84,0.0
-4.84,0.0
-4.84,0.0
-4.84,0.0
-4.84,0.0
-4.64,0.0
-4.64,0.0
-4.64,0.0
-4.64,0.0
-4.64,0.0
-4.64,0.0
-4.64,0.0
-4.64,0.0
-4.54,0.0
-4.54,0.0
-4.54,0.0
-4.54,0.0
-4.94,0.0
-5.139999999999999,0.0
-5.340000000000001,0.0
-5.45,0.0
-5.65,0.0
-5.65,0.0
-5.75,0.0
-5.849999999999999,0.0
-5.949999999999999,0.0
-5.949999999999999,0.0
-5.949999999999999,0.0
-5.949999999999999,0.0
-5.949999999999999,0.0
-5.949999999999999,0.0
-5.949999999999999,0.0
-6.050000000000001,0.0
-6.45,0.0
-6.76,0.0
-6.860000000000001,0.0
-6.860000000000001,0.0
-6.860000000000001,0.0
-6.860000000000001,0.0
-6.860000000000001,0.0
-6.860000000000001,0.0
-6.860000000000001,0.0
-6.96,0.0
-6.96,0.0
-6.96,0.0
-6.96,0.0
-6.96,0.0
-6.96,0.0
-6.96,0.0
-6.96,0.0
-6.96,0.0
-6.96,0.0
-6.96,0.0
-6.96,0.0
-6.96,0.0
-6.96,0.0
-6.96,0.0
-7.26,0.0
-7.460000000000001,0.0
-7.559999999999999,0.0
-7.659999999999998,0.0
-7.969999999999999,0.0
-8.67,0.0
-9.18,0.0
-9.78,0.0
-9.979999999999999,0.0
-10.29,0.0
-10.29,0.0
0.0,0.0
-10.29,0.0
-10.389999999999999,0.0
-10.49,0.0
-10.49,0.0
-10.49,0.0
-10.49,0.0
-10.49,0.0
-10.49,0.0
-10.59,0.0
-10.79,0.0
-10.79,0.0
-10.79,0.0
-10.89,0.0
-11.089999999999998,0.0
-11.290000000000001,0.0
-11.8,0.0
-12.4,0.0
-12.81,0.0
-12.81,0.0
-12.81,0.0
-12.81,0.0
-12.5,0.0
-12.300000000000002,0.0
-11.899999999999999,0.0
-11.699999999999998,0.0
-11.5,0.0
-11.39,0.0
-11.39,0.0
-11.39,0.0
-11.39,0.0
-11.39,0.0
-11.290000000000001,0.0
-10.99,0.0
-10.89,0.0
-10.49,0.0
-10.389999999999999,0.0
-10.29,0.0
-10.29,0.0
-10.29,0.0
-10.29,0.0
-10.29,0.0
-10.29,0.0
-10.29,0.0
-10.29,0.0
-10.29,0.0
-10.29,0.0
-10.29,0.0
-10.29,0.0
-10.29,0.0
-10.29,0.0
-10.29,0.0
-10.29,0.0
-10.29,0.0
-10.29,0.0
-10.29,0.0
-10.29,0.0
-10.18,0.0
-9.78,0.0
-9.380000000000003,0.0
-8.570000000000002,0.0
-7.760000000000002,0.0
-6.96,0.0
0.0,0.0
-4.84,0.0
-3.9300000000000006,0.0
-2.82,0.0
-2.42,0.0
-2.12,0.0
-1.82,0.0
-1.51,0.0
0.0,0.0
-1.41,0.0
-1.31,0.0
-1.31,0.0
-1.31,0.0
-1.31,0.0
-1.21,0.0
-1.21,0.0
-0.61,0.0
0.0,0.0
0.71,0.0
2.12,0.0
2.32,0.0
2.52,0.0
2.62,0.0
3.13,0.0
3.53,0.0
3.829999999999999,0.0
3.9300000000000006,0.0
3.9300000000000006,0.0
3.9300000000000006,0.0
3.9300000000000006,0.0
3.9300000000000006,0.0
3.9300000000000006,0.0
4.13,0.0
4.44,0.0
4.54,0.0
4.13,0.0
3.9300000000000006,0.0
3.9300000000000006,0.0
3.9300000000000006,0.0
3.9300000000000006,0.0
3.9300000000000006,0.0
3.9300000000000006,0.0
3.63,0.0
3.13,0.0
2.82,0.0
2.12,0.0
1.92,0.0
1.71,0.0
1.71,0.0
1.71,0.0
1.71,0.0
1.71,0.0
1.6100000000000003,0.0
1.31,0.0
1.31,0.0
1.21,0.0
0.91,0.0
0.0,0.0
0.1,0.0
-0.1,0.0
-0.4,0.0
-0.81,0.0
-1.01,0.0
-1.21,0.0
-1.31,0.0
-1.31,0.0
-1.31,0.0
-1.31,0.0
-1.31,0.0
-1.31,0.0
-1.31,0.0
-1.31,0.0
-1.31,0.0
-1.31,0.0
-1.31,0.0
-1.31,0.0
0.0,0.0
-1.31,0.0
-1.31,0.0
-1.31,0.0
-1.31,0.0
-1.31,0.0
-1.21,0.0
-1.11,0.0
-0.91,0.0
-0.61,0.0
-0.2,0.0
0.5,0.0
1.41,0.0
2.32,0.0
2.7200000000000006,0.0
2.92,0.0
3.23,0.0
3.829999999999999,0.0
4.44,0.0
5.24,0.0
5.849999999999999,0.0
6.659999999999999,0.0
7.559999999999999,0.0
8.469999999999999,0.0
9.78,0.0
11.089999999999998,0.0
12.2,0.0
13.41,0.0
14.420000000000002,0.0
15.53,0.0
16.64,0.0
17.65,0.0
19.76,0.0
21.38,0.0
23.189999999999998,0.0
24.71,0.0
26.62,0.0
28.34,0.0
30.35,0.0
31.76,0.0
32.97,0.0
34.29,0.0
35.70000000000001,0.0
36.400000000000006,0.0
37.31,0.0
38.42,0.0
39.53,0.0
40.74000000000001,0.0
42.349999999999994,0.0
43.86999999999999,0.0
44.96999999999999,0.0
45.78,0.0
46.29,0.0
46.39,0.0
46.39,0.0
0.0,0.0
47.09,0.0
48.2,0.0
49.11,0.0
50.02,0.0
50.32,0.0
50.32,0.0
50.32,0.0
50.42000000000001,0.0
50.52,0.0
50.92,0.0
51.63,0.0
52.64,0.0
53.650000000000006,0.0
54.15,0.0
54.25,0.0
54.25,0.0
54.25,0.0
54.25,0.0
54.25,0.0
54.25,0.0
54.25,0.0
54.25,0.0
54.25,0.0
54.35,0.0
54.86,0.0
55.36000000000001,0.0
55.76,0.0
56.07,0.0
56.57,0.0
57.57999999999999,0.0
58.290000000000006,0.0
58.89,0.0
59.38999999999999,0.0
59.8,0.0
60.1,0.0
60.1,0.0
60.1,0.0
59.9,0.0
59.60000000000001,0.0
58.99000000000001,0.0
58.49,0.0
58.08,0.0
57.480000000000004,0.0
56.97,0.0
56.57,0.0
56.17,0.0
55.46,0.0
55.06000000000001,0.0
54.25,0.0
53.55,0.0
53.040000000000006,0.0
52.84,0.0
52.74000000000001,0.0
52.13000000000001,0.0
51.23,0.0
49.61,0.0
48.0,0.0
46.69,0.0
45.98,0.0
45.57999999999999,0.0
45.18,0.0
44.27,0.0
43.36,0.0
42.349999999999994,0.0
41.54999999999999,0.0
40.13,0.0
38.92,0.0
38.22,0.0
38.02,0.0
38.02,0.0
38.22,0.0
38.32,0.0
38.32,0.0
38.32,0.0
38.02,0.0
37.51,0.0
37.31,0.0
37.21,0.0
37.21,0.0
37.21,0.0
36.90999999999999,0.0
35.9,0.0
34.79,0.0
33.48,0.0
32.57,0.0
31.26,0.0
30.05,0.0
28.740000000000002,0.0
27.23,0.0
24.91,0.0
22.99,0.0
20.57,0.0
18.96,0.0
17.239999999999995,0.0
15.53,0.0
13.82,0.0
12.100000000000001,0.0
10.49,0.0
9.28,0.0
8.17,0.0
6.76,0.0
5.949999999999999,0.0
4.84,0.0
3.829999999999999,0.0
2.92,0.0
2.42,0.0
1.82,0.0
1.01,0.0
0.4,0.0
0.0,0.0
-0.5,0.0
-0.61,0.0
-0.61,0.0
-0.61,0.0
-0.61,0.0
-0.61,0.0
-0.61,0.0
-0.61,0.0
-0.5,0.0
0.4,0.0
0.91,0.0
1.82,0.0
2.22,0.0
3.03,0.0
3.829999999999999,0.0
4.54,0.0
5.139999999999999,0.0
5.55,0.0
6.050000000000001,0.0
6.35,0.0
6.35,0.0
6.35,0.0
6.55,0.0
6.76,0.0
6.860000000000001,0.0
6.860000000000001,0.0
6.96,0.0
7.06,0.0
7.36,0.0
7.760000000000002,0.0
8.67,0.0
9.68,0.0
10.18,0.0
10.79,0.0
11.089999999999998,0.0
11.39,0.0
11.5,0.0
11.5,0.0
11.5,0.0
11.5,0.0
11.5,0.0
11.5,0.0
11.39,0.0
11.19,0.0
11.089999999999998,0.0
10.99,0.0
10.79,0.0
10.59,0.0
10.49,0.0
10.389999999999999,0.0
10.29,0.0
10.18,0.0
10.18,0.0
10.08,0.0
10.08,0.0
9.88,0.0
9.58,0.0
9.48,0.0
9.380000000000003,0.0
9.28,0.0
9.18,0.0
9.18,0.0
9.08,0.0
8.97,0.0
8.67,0.0
8.27,0.0
7.969999999999999,0.0
7.760000000000002,0.0
7.460000000000001,0.0
7.26,0.0
6.860000000000001,0.0
6.150000000000001,0.0
5.45,0.0
4.74,0.0
4.34,0.0
3.9300000000000006,0.0
3.23,0.0
2.7200000000000006,0.0
0.0,0.0
1.51,0.0
0.0,0.0
0.91,0.0
0.91,0.0
0.5,0.0
-0.2,0.0
-1.21,0.0
-1.71,0.0
-2.02,0.0
-2.22,0.0
-2.22,0.0
-2.42,0.0
-2.62,0.0
-2.92,0.0
-3.13,0.0
-3.13,0.0
-3.13,0.0
-3.13,0.0
-3.23,0.0
-3.7300000000000004,0.0
-4.13,0.0
-4.44,0.0
-4.64,0.0
-4.64,0.0
-4.64,0.0
-4.64,0.0
-4.64,0.0
-4.64,0.0
-4.64,0.0
-3.9300000000000006,0.0
-3.3299999999999996,0.0
-2.62,0.0
-2.52,0.0
-2.52,0.0
-2.52,0.0
-2.62,0.0
-2.62,0.0
-2.62,0.0
-2.12,0.0
-0.4,0.0
1.01,0.0
2.7200000000000006,0.0
4.13,0.0
4.64,0.0
4.94,0.0
5.340000000000001,0.0
5.65,0.0
5.849999999999999,0.0
5.949999999999999,0.0
6.45,0.0
7.460000000000001,0.0
8.570000000000002,0.0
10.89,0.0
12.910000000000002,0.0
14.52,0.0
15.43,0.0
15.53,0.0
15.53,0.0
15.929999999999998,0.0
16.64,0.0
17.239999999999995,0.0
17.850000000000005,0.0
18.760000000000005,0.0
19.66,0.0
20.27,0.0
20.57,0.0
20.97,0.0
21.38,0.0
22.179999999999996,0.0
23.189999999999998,0.0
0.0,0.0
24.5,0.0
24.91,0.0
25.61,0.0
25.92,0.0
26.02,0.0
26.02,0.0
25.71,0.0
25.41,0.0
24.91,0.0
24.1,0.0
23.799999999999997,0.0
23.6,0.0
23.189999999999998,0.0
22.29,0.0
21.38,0.0
20.07,0.0
18.66,0.0
16.84,0.0
15.53,0.0
13.82,0.0
12.709999999999999,0.0
11.6,0.0
10.69,0.0
9.58,0.0
8.67,0.0
7.36,0.0
5.949999999999999,0.0
5.04,0.0
4.13,0.0
3.4300000000000006,0.0
2.62,0.0
1.82,0.0
1.21,0.0
0.91,0.0
0.91,0.0
0.91,0.0
0.81,0.0
0.2,0.0
0.0,0.0
-0.2,0.0
-0.2,0.0
-0.2,0.0
-0.2,0.0
-0.3,0.0
-0.1,0.0
0.1,0.0
0.4,0.0
0.5,0.0
0.81,0.0
1.31,0.0
1.82,0.0
2.22,0.0
2.62,0.0
2.62,0.0
2.62,0.0
2.62,0.0
2.62,0.0
2.62,0.0
2.62,0.0
2.62,0.0
2.62,0.0
2.7200000000000006,0.0
3.03,0.0
3.13,0.0
3.13,0.0
3.13,0.0
3.13,0.0
0.0,0.0
3.13,0.0
3.13,0.0
3.03,0.0
2.62,0.0
2.62,0.0
2.62,0.0
2.92,0.0
3.03,0.0
3.03,0.0
3.4300000000000006,0.0
3.63,0.0
3.829999999999999,0.0
3.829999999999999,0.0
3.829999999999999,0.0
3.829999999999999,0.0
3.829999999999999,0.0
3.829999999999999,0.0
3.829999999999999,0.0
4.03,0.0
4.24,0.0
4.54,0.0
4.74,0.0
5.139999999999999,0.0
5.45,0.0
5.949999999999999,0.0
6.150000000000001,0.0
6.35,0.0
6.55,0.0
7.06,0.0
7.460000000000001,0.0
7.969999999999999,0.0
8.37,0.0
8.77,0.0
9.08,0.0
9.380000000000003,0.0
9.78,0.0
10.29,0.0
10.79,0.0
11.19,0.0
11.5,0.0
11.699999999999998,0.0
12.100000000000001,0.0
12.61,0.0
13.21,0.0
13.610000000000001,0.0
13.82,0.0
14.02,0.0
14.32,0.0
14.62,0.0
15.13,0.0
15.53,0.0
15.929999999999998,0.0
16.44,0.0
16.939999999999998,0.0
17.34,0.0
18.35,0.0
19.97,0.0
21.18,0.0
21.98,0.0
22.69,0.0
22.89,0.0
23.09,0.0
23.29,0.0
23.799999999999997,0.0
24.200000000000003,0.0
24.71,0.0
25.71,0.0
27.03,0.0
27.93,0.0
28.939999999999998,0.0
29.24,0.0
29.55,0.0
30.05,0.0
30.549999999999994,0.0
0.0,0.0
31.26,0.0
31.359999999999996,0.0
31.460000000000004,0.0
31.460000000000004,0.0
31.560000000000006,0.0
31.76,0.0
31.87,0.0
31.969999999999995,0.0
31.969999999999995,0.0
31.969999999999995,0.0
31.359999999999996,0.0
30.66,0.0
29.650000000000002,0.0
29.34,0.0
28.840000000000003,0.0
28.44,0.0
28.03,0.0
27.530000000000005,0.0
26.72,0.0
25.71,0.0
25.01,0.0
24.61,0.0
24.3,0.0
24.3,0.0
24.3,0.0
24.200000000000003,0.0
24.1,0.0
24.0,0.0
23.9,0.0
23.7,0.0
23.39,0.0
23.189999999999998,0.0
22.89,0.0
22.49,0.0
22.179999999999996,0.0
22.179999999999996,0.0
22.179999999999996,0.0
22.179999999999996,0.0
22.179999999999996,0.0
22.179999999999996,0.0
22.29,0.0
22.39,0.0
22.39,0.0
22.39,0.0
22.39,0.0
22.39,0.0
0.0,0.0
22.39,0.0
22.39,0.0
22.39,0.0
22.39,0.0
22.39,0.0
22.39,0.0
22.39,0.0
22.39,0.0
22.39,0.0
22.49,0.0
22.49,0.0
22.69,0.0
22.789999999999996,0.0
23.189999999999998,0.0
23.5,0.0
24.0,0.0
24.5,0.0
24.810000000000002,0.0
24.810000000000002,0.0
24.91,0.0
24.91,0.0
24.91,0.0
24.91,0.0
24.91,0.0
24.91,0.0
24.91,0.0
25.01,0.0
25.11,0.0
25.11,0.0
25.11,0.0
25.11,0.0
25.210000000000004,0.0
25.210000000000004,0.0
25.210000000000004,0.0
25.210000000000004,0.0
25.31,0.0
25.51,0.0
25.61,0.0
25.71,0.0
25.92,0.0
26.12,0.0
26.32,1.7857291e-06
26.62,57.295776
26.920000000000005,57.295776
27.03,57.295776
27.03,57.295776
27.03,57.295776
27.03,57.295776
27.03,57.295776
27.23,57.295776
27.23,57.295776
27.23,57.295776
27.23,57.295776
27.33,57.295776
27.530000000000005,57.295776
27.830000000000002,57.295776
28.03,57.295776
28.34,57.295776
28.64,57.295776
29.04,57.295776
29.55,57.295776
30.05,57.295776
30.25,57.295776
30.25,57.295776
30.25,57.295776
30.25,57.295776
30.449999999999992,57.295776
30.549999999999994,57.295776
30.86,57.295776
30.86,57.295776
31.06,57.295776
31.159999999999993,57.295776
31.26,57.295776
31.359999999999996,57.295776
31.359999999999996,57.295776
31.359999999999996,57.295776
31.359999999999996,57.295776
31.560000000000006,57.295776
31.560000000000006,57.295776
31.560000000000006,57.295776
31.560000000000006,57.295776
31.560000000000006,57.295776
31.560000000000006,57.295776
31.560000000000006,57.295776
31.560000000000006,57.295776
31.560000000000006,57.295776
31.560000000000006,57.295776
31.460000000000004,57.295776
31.359999999999996,57.295776
31.26,57.295776
31.26,57.295776
31.159999999999993,0.0
31.06,0.0
30.86,0.0
30.35,0.0
29.95,0.0
29.450000000000003,0.0
28.44,0.0
27.73,0.0
27.130000000000003,0.0
26.520000000000003,0.0
25.210000000000004,0.0
23.799999999999997,0.0
22.59,0.0
21.98,0.0
21.28,0.0
20.97,0.0
20.07,0.0
18.55,0.0
17.04,0.0
16.13,0.0
15.53,0.0
14.62,0.0
13.41,0.0
10.89,0.0
8.97,0.0
6.860000000000001,0.0
5.949999999999999,0.0
5.45,0.0
5.139999999999999,0.0
4.94,0.0
4.84,0.0
4.84,0.0
4.84,0.0
4.64,0.0
4.34,0.0
4.24,0.0
0.0,0.0
4.13,0.0
3.829999999999999,0.0
3.53,0.0
3.4300000000000006,0.0
3.03,0.0
2.62,0.0
2.12,0.0
1.92,0.0
1.6100000000000003,0.0
1.31,0.0
1.01,0.0
0.91,0.0
0.91,0.0
1.11,0.0
1.11,0.0
1.11,0.0
0.91,0.0
0.91,0.0
0.91,0.0
0.91,0.0
1.01,0.0
1.11,0.0
1.21,0.0
1.21,0.0
1.21,0.0
1.21,0.0
0.91,0.0
0.81,0.0
0.81,0.0
0.81,0.0
0.5,0.0
0.3,0.0
-0.1,0.0
-1.41,0.0
-2.42,0.0
-2.92,0.0
-3.3299999999999996,0.0
-4.03,0.0
-5.24,0.0
-6.150000000000001,0.0
-7.760000000000002,0.0
-8.77,0.0
-10.08,0.0
-12.100000000000001,0.0
-13.51,0.0
-15.230000000000002,0.0
-16.74,0.0
-18.45,0.0
-20.17,0.0
-22.08,0.0
-23.29,0.0
-24.4,0.0
-25.71,0.0
-26.520000000000003,0.0
-27.03,0.0
-27.530000000000005,0.0
-28.03,0.0
-28.54,0.0
-29.450000000000003,0.0
-30.35,0.0
-31.159999999999993,0.0
-32.169999999999995,0.0
-32.77,0.0
-33.38,0.0
-33.98,0.0
-34.59,0.0
-35.09000000000001,0.0
-35.70000000000001,0.0
-36.400000000000006,0.0
-37.31,0.0
-38.02,0.0
-38.62,0.0
-39.53,0.0
-40.03000000000001,0.0
-40.54,0.0
-41.04,0.0
-41.45,0.0
-41.75,0.0
-41.95,0.0
-42.25,0.0
-42.55,0.0
-42.55,0.0
-42.66,0.0
-42.76,0.0
-42.76,0.0
-42.76,0.0
-42.76,0.0
-42.76,0.0
-42.76,0.0
-42.76,0.0
-42.55,0.0
-42.05,0.0
-41.75,0.0
-41.34,0.0
-40.64000000000001,0.0
-40.13,0.0
-39.53,0.0
-39.03,0.0
-38.92,0.0
-38.81999999999999,0.0
-38.81999999999999,0.0
-38.81999999999999,0.0
-38.72,0.0
-38.52,0.0
-38.42,0.0
-38.32,0.0
-38.120000000000005,0.0
-37.92,0.0
-37.92,0.0
-37.92,0.0
-37.82,0.0
-37.82,0.0
-37.82,0.0
-37.82,0.0
-37.82,0.0
-37.82,0.0
-38.32,0.0
-38.52,0.0
-38.52,0.0
-38.52,0.0
-38.52,0.0
-38.62,0.0
0.0,0.0
-38.22,0.0
-36.61,0.0
-35.09000000000001,0.0
-34.49,0.0
-34.49,0.0
-34.39,0.0
-34.18,0.0
-33.38,0.0
-32.57,0.0
-31.460000000000004,0.0
-30.76,0.0
-30.35,0.0
-30.35,0.0
-30.35,0.0
-30.66,0.0
-31.460000000000004,0.0
-31.87,0.0
-32.06999999999999,0.0
-32.06999999999999,0.0
-32.06999999999999,0.0
-32.57,0.0
-33.38,0.0
-34.08,0.0
-34.49,0.0
-34.49,0.0
-34.49,0.0
-34.59,0.0
-34.59,0.0
-34.59,0.0
-34.59,0.0
-34.59,0.0
-34.59,0.0
-34.59,0.0
-34.18,0.0
-33.879999999999995,0.0
-33.58,0.0
-33.38,0.0
-33.08,0.0
-32.97,0.0
-32.87,0.0
-32.77,0.0
-32.87,0.0
-32.77,0.0
-32.47,0.0
-31.560000000000006,0.0
-30.86,0.0
-29.95,0.0
-29.34,0.0
-28.740000000000002,0.0
-28.13,0.0
-27.23,0.0
-26.62,0.0
-25.820000000000004,0.0
-25.01,0.0
-23.39,0.0
-22.59,0.0
-21.68,0.0
-21.079999999999995,0.0
-20.869999999999997,0.0
-20.869999999999997,0.0
-20.77,0.0
-20.469999999999995,0.0
-20.07,0.0
-19.87,0.0
-19.56,0.0
-19.36,0.0
-19.36,0.0
-19.36,0.0
-19.36,0.0
-19.36,0.0
-19.060000000000002,0.0
-17.95,0.0
-16.74,0.0
-15.230000000000002,0.0
-14.32,0.0
-13.71,0.0
-13.610000000000001,0.0
0.0,0.0
-13.71,0.0
-14.02,0.0
-14.32,0.0
-14.52,0.0
-14.72,0.0
-14.72,0.0
-14.72,0.0
-14.72,0.0
-14.920000000000002,0.0
-15.030000000000001,0.0
-15.230000000000002,0.0
-15.53,0.0
-15.53,0.0
-15.53,0.0
-15.53,0.0
-15.53,0.0
-15.43,0.0
-15.33,0.0
-15.230000000000002,0.0
-15.030000000000001,0.0
-14.72,0.0
-14.22,0.0
-13.82,0.0
-13.71,0.0
-13.71,0.0
-13.610000000000001,0.0
-13.31,0.0
-13.11,0.0
-13.11,0.0
-13.11,0.0
-13.11,0.0
-13.11,0.0
-13.11,0.0
-13.11,0.0
-13.11,0.0
-13.11,0.0
-13.11,0.0
-13.41,0.0
-13.92,0.0
-14.22,0.0
-14.62,0.0
-14.82,0.0
-14.920000000000002,0.0
-15.030000000000001,0.0
-15.13,0.0
-15.33,0.0
-15.730000000000002,0.0
-15.929999999999998,0.0
-16.24,0.0
-16.24,0.0
-16.24,0.0
-16.24,0.0
-16.24,0.0
-16.24,0.0
-16.24,0.0
-16.24,0.0
-16.24,0.0
-16.24,0.0
-16.24,0.0
-16.24,0.0
-16.24,0.0
-16.24,0.0
-16.24,0.0
-16.24,0.0
-16.24,0.0
-16.24,0.0
-16.34,0.0
-16.54,0.0
-17.34,0.0
-17.75,0.0
-18.25,0.0
-18.45,0.0
-18.760000000000005,0.0
-19.060000000000002,0.0
0.0,0.0
0.0,0.0
-19.26,0.0
-19.26,0.0
-19.36,0.0
-19.46,0.0
-19.56,0.0
-19.56,0.0
-19.56,0.0
-19.56,0.0
-19.56,0.0
-18.96,0.0
-18.45,0.0
-17.850000000000005,0.0
-17.239999999999995,0.0
-16.44,0.0
-15.53,0.0
-13.01,0.0
-9.78,0.0
-7.559999999999999,0.0
-6.25,0.0
-4.44,0.0
-2.62,0.0
-1.82,0.0
-1.21,0.0
-0.5,0.0
0.1,0.0
0.81,0.0
1.31,0.0
2.22,0.0
3.13,0.0
3.63,0.0
3.7300000000000004,0.0
3.7300000000000004,0.0
3.829999999999999,0.0
4.13,0.0
4.94,0.0
5.24,0.0
0.0,0.0
5.55,0.0
6.050000000000001,0.0
6.45,0.0
7.26,0.0
8.570000000000002,0.0
9.380000000000003,0.0
10.08,0.0
10.29,0.0
10.59,0.0
10.89,0.0
0.0,0.0
11.39,0.0
11.699999999999998,0.0
11.8,0.0
12.0,0.0
12.100000000000001,0.0
12.100000000000001,0.0
12.2,0.0
12.100000000000001,0.0
12.2,0.0
12.2,0.0
12.300000000000002,0.0
12.910000000000002,0.0
13.92,0.0
15.030000000000001,0.0
16.939999999999998,0.0
18.149999999999995,0.0
19.46,0.0
20.469999999999995,0.0
21.479999999999997,0.0
22.39,0.0
23.189999999999998,0.0
23.799999999999997,0.0
24.200000000000003,0.0
24.3,0.0
24.3,0.0
24.3,0.0
24.3,0.0
24.3,0.0
24.3,0.0
24.0,0.0
23.799999999999997,0.0
23.29,0.0
22.99,0.0
22.69,0.0
22.59,0.0
22.59,0.0
22.59,0.0
22.59,0.0
22.789999999999996,0.0
23.09,0.0
23.39,0.0
23.6,0.0
23.799999999999997,0.0
24.0,0.0
24.1,0.0
24.200000000000003,0.0
24.4,0.0
24.91,0.0
25.71,0.0
26.520000000000003,0.0
27.33,0.0
27.73,0.0
27.93,0.0
28.03,0.0
28.24,0.0
28.44,0.0
28.939999999999998,0.0
29.55,0.0
30.25,0.0
31.460000000000004,0.0
32.57,0.0
33.68,0.0
35.29,0.0
35.29,0.0
35.29,0.0
35.39,0.0
35.39,0.0
35.5,0.0
0.0,0.0
35.8,0.0
36.29999999999999,0.0
36.81,0.0
37.10999999999999,0.0
37.10999999999999,0.0
37.10999999999999,0.0
37.10999999999999,0.0
37.10999999999999,0.0
37.10999999999999,0.0
37.10999999999999,0.0
36.90999999999999,0.0
36.2,0.0
35.29,0.0
34.59,0.0
34.39,0.0
34.39,0.0
34.39,0.0
34.39,0.0
34.39,0.0
34.39,0.0
34.39,0.0
34.39,0.0
34.39,0.0
0.0,0.0
34.39,0.0
34.39,0.0
34.39,0.0
34.39,0.0
34.29,0.0
34.08,0.0
33.78,0.0
33.58,0.0
32.97,0.0
32.67,0.0
32.47,0.0
32.47,0.0
32.47,0.0
32.47,0.0
32.47,0.0
32.57,0.0
32.57,0.0
32.57,0.0
32.57,0.0
32.57,0.0
32.57,0.0
32.57,0.0
32.57,0.0
32.57,0.0
32.57,0.0
32.57,0.0
32.47,0.0
32.169999999999995,0.0
31.87,0.0
31.560000000000006,0.0
31.159999999999993,0.0
30.96,0.0
30.96,0.0
30.96,0.0
30.96,0.0
30.96,0.0
0.0,0.0
30.96,0.0
30.86,0.0
30.449999999999992,0.0
30.149999999999995,0.0
29.95,0.0
29.95,0.0
29.95,0.0
29.95,0.0
29.95,0.0
30.149999999999995,0.0
30.449999999999992,0.0
30.76,0.0
30.96,0.0
31.06,0.0
31.06,0.0
31.06,0.0
31.06,0.0
31.06,0.0
31.06,0.0
31.06,0.0
31.06,0.0
31.06,0.0
31.06,0.0
0.0,0.0
0.0,0.0
31.06,0.0
31.06,0.0
31.159999999999993,0.0
31.26,0.0
31.460000000000004,0.0
31.76,0.0
31.969999999999995,0.0
0.0,0.0
32.57,0.0
32.67,0.0
32.77,0.0
32.97,0.0
33.18000000000001,0.0
33.38,0.0
33.58,0.0
33.58,0.0
33.58,0.0
33.68,0.0
33.68,0.0
33.68,0.0
33.68,0.0
33.68,0.0
0.0,0.0
33.68,0.0
33.68,0.0
33.98,0.0
34.18,0.0
34.49,0.0
35.29,0.0
36.1,0.0
37.10999999999999,0.0
37.82,0.0
38.02,0.0
38.120000000000005,0.0
38.22,0.0
38.52,0.0
39.03,0.0
39.43,0.0
0.0,0.0
40.54,0.0
41.04,0.0
41.04,0.0
41.04,0.0
41.04,0.0
41.04,0.0
41.04,0.0
41.04,0.0
41.04,0.0
41.04,0.0
41.14,0.0
41.24,0.0
41.34,0.0
41.75,0.0
42.25,0.0
42.55,0.0
42.66,0.0
42.66,0.0
42.66,0.0
42.66,0.0
42.76,0.0
42.959999999999994,0.0
43.36,0.0
43.76,0.0
44.07,0.0
44.17,0.0
44.37,0.0
44.77,0.0
45.18,0.0
45.88,0.0
46.29,0.0
46.39,0.0
46.39,0.0
46.39,0.0
46.39,0.0
46.39,0.0
46.39,0.0
46.39,0.0
46.39,0.0
46.39,0.0
46.39,0.0
46.39,0.0
46.39,0.0
46.39,0.0
46.39,0.0
46.39,0.0
46.39,0.0
46.39,0.0
46.39,0.0
46.39,0.0
46.39,0.0
46.49,0.0
46.59,0.0
46.59,0.0
46.69,0.0
46.79,0.0
46.79,0.0
46.79,0.0
46.79,0.0
46.79,0.0
46.79,0.0
46.79,0.0
46.79,0.0
46.79,0.0
46.79,0.0
46.79,0.0
46.79,0.0
46.79,0.0
46.89,0.0
46.989999999999995,0.0
47.19,0.0
47.28999999999999,0.0
47.28999999999999,0.0
47.19,0.0
46.989999999999995,0.0
46.989999999999995,0.0
46.79,0.0
46.49,0.0
46.08,0.0
45.48,0.0
44.47,0.0
43.86999999999999,0.0
43.56,0.0
0.0,0.0
43.46,0.0
43.36,0.0
43.06,0.0
42.66,0.0
42.15,0.0
41.85,0.0
41.65,0.0
41.65,0.0
41.34,0.0
41.24,0.0
41.04,0.0
40.84,0.0
40.54,0.0
40.34,0.0
40.13,0.0
39.93000000000001,0.0
39.830000000000005,0.0
39.73,0.0
39.73,0.0
39.73,0.0
39.73,0.0
39.43,0.0
39.33,0.0
39.03,0.0
38.72,0.0
38.52,0.0
38.42,0.0
38.32,0.0
38.02,0.0
37.71,0.0
37.51,0.0
37.31,0.0
37.31,0.0
37.31,0.0
37.31,0.0
37.31,0.0
37.31,0.0
0.0,0.0
37.61,0.0
37.71,0.0
37.92,0.0
38.120000000000005,0.0
38.52,0.0
38.81999999999999,0.0
39.23,0.0
39.53,0.0
39.830000000000005,0.0
40.03000000000001,0.0
0.0,0.0
40.74000000000001,0.0
41.04,0.0
41.34,0.0
41.54999999999999,0.0
41.65,0.0
41.75,0.0
41.85,0.0
41.95,0.0
42.15,0.0
42.349999999999994,0.0
42.45,0.0
42.55,0.0
43.06,0.0
43.46,0.0
44.07,0.0
44.669999999999995,0.0
45.279999999999994,0.0
45.98,0.0
46.59,0.0
0.0,0.0
46.989999999999995,0.0
47.09,0.0
47.28999999999999,0.0
47.28999999999999,0.0
47.28999999999999,0.0
47.28999999999999,0.0
47.28999999999999,0.0
47.28999999999999,0.0
47.28999999999999,0.0
47.19,0.0
46.989999999999995,0.0
46.69,0.0
46.29,0.0
45.68,0.0
44.57,0.0
43.36,0.0
42.05,0.0
0.0,0.0
39.23,0.0
37.41,0.0
36.0,0.0
34.29,0.0
32.97,0.0
30.96,0.0
29.450000000000003,0.0
26.920000000000005,0.0
25.31,0.0
23.799999999999997,0.0
22.08,0.0
20.57,0.0
19.56,0.0
18.149999999999995,0.0
16.64,0.0
15.230000000000002,0.0
13.82,0.0
13.11,0.0
13.01,0.0
13.01,0.0
12.910000000000002,0.0
12.300000000000002,0.0
11.6,0.0
10.59,0.0
9.58,0.0
8.67,0.0
7.969999999999999,0.0
7.559999999999999,0.0
7.460000000000001,0.0
7.36,0.0
7.06,0.0
6.96,0.0
6.96,0.0
6.96,0.0
6.96,0.0
6.96,0.0
6.96,0.0
6.96,0.0
6.76,0.0
6.25,0.0
5.949999999999999,0.0
5.949999999999999,0.0
5.949999999999999,0.0
5.949999999999999,0.0
5.949999999999999,0.0
5.949999999999999,0.0
5.949999999999999,0.0
5.949999999999999,0.0
5.949999999999999,0.0
5.949999999999999,0.0
5.949999999999999,0.0
5.949999999999999,0.0
6.050000000000001,0.0
6.050000000000001,0.0
6.050000000000001,0.0
6.050000000000001,0.0
6.050000000000001,0.0
5.949999999999999,0.0
5.849999999999999,0.0
5.55,0.0
5.340000000000001,0.0
5.139999999999999,0.0
4.84,0.0
4.64,0.0
4.54,0.0
4.54,0.0
4.03,0.0
3.53,0.0
2.92,0.0
2.52,0.0
2.02,0.0
1.82,0.0
1.82,0.0
1.82,0.0
1.6100000000000003,0.0
1.01,0.0
0.5,0.0
-0.2,0.0
-0.61,0.0
-0.81,0.0
-0.91,0.0
-1.21,0.0
-1.51,0.0
-1.82,0.0
-2.32,0.0
-2.7200000000000006,0.0
-3.4300000000000006,0.0
-3.9300000000000006,0.0
-4.44,0.0
-5.139999999999999,0.0
-5.75,0.0
-6.25,0.0
-6.659999999999999,0.0
-7.06,0.0
-7.760000000000002,0.0
-8.17,0.0
-8.97,0.0
-10.18,0.0
-11.5,0.0
-12.2,0.0
-13.01,0.0
-13.51,0.0
-14.02,0.0
-14.62,0.0
-15.13,0.0
-15.33,0.0
-15.63,0.0
-15.83,0.0
-16.03,0.0
-16.34,0.0
-16.84,0.0
-17.34,0.0
-17.65,0.0
-17.65,0.0
-17.65,0.0
-17.55,0.0
-17.45,0.0
-17.45,0.0
-17.45,0.0
-17.45,0.0
-17.95,0.0
-18.45,0.0
-18.66,0.0
-18.66,0.0
-18.55,0.0
-18.55,0.0
-18.55,0.0
-18.55,0.0
-18.55,0.0
-18.55,0.0
-18.55,0.0
-18.760000000000005,0.0
-19.060000000000002,0.0
-19.56,0.0
-19.76,0.0
-19.76,0.0
-19.76,0.0
-19.76,0.0
-19.76,0.0
-19.76,0.0
-19.76,0.0
-19.76,0.0
-19.76,0.0
0.0,0.0
-19.76,0.0
-19.66,0.0
-19.66,0.0
-19.66,0.0
-19.66,0.0
-19.66,0.0
-19.66,0.0
-19.66,0.0
-19.66,0.0
-19.66,0.0
-19.66,0.0
-19.66,0.0
-19.66,0.0
-19.66,0.0
-19.66,0.0
-19.66,0.0
-19.86,0.0
-20.07,0.0
-20.17,0.0
-20.17,0.0
-20.17,0.0
-20.27,0.0
-20.27,0.0
-20.27,0.0
-20.27,0.0
-20.17,0.0
-20.17,0.0
-20.17,0.0
-20.27,0.0
-20.17,0.0
-20.27,0.0
-20.17,0.0
-20.27,0.0
-20.27,0.0
-20.27,0.0
-20.17,0.0
-20.27,0.0
-20.17,0.0
0.0,0.0
-19.76,0.0
-19.76,0.0
-19.66,0.0
-19.46,0.0
-19.16,0.0
-18.859999999999996,0.0
-18.25,0.0
-17.45,0.0
-16.84,0.0
-16.44,0.0
-16.03,0.0
-15.929999999999998,0.0
-15.929999999999998,0.0
-15.929999999999998,0.0
-15.929999999999998,0.0
-15.929999999999998,0.0
-15.83,0.0
-15.83,0.0
-16.24,0.0
-16.64,0.0
-17.04,0.0
0.0,0.0
-17.45,0.0
-17.75,0.0
-18.05,0.0
-18.149999999999995,0.0
-18.149999999999995,0.0
-18.35,0.0
-18.760000000000005,0.0
-19.36,0.0
-19.46,0.0
-19.46,0.0
-19.46,0.0
-19.46,0.0
-19.46,0.0
-19.46,0.0
-19.46,0.0
-19.66,0.0
-19.97,0.0
-20.17,0.0
-20.17,0.0
-20.17,0.0
-20.17,0.0
-20.17,0.0
-20.17,0.0
-20.17,0.0
-20.17,0.0
-20.17,0.0
-20.17,0.0
-19.56,0.0
-19.060000000000002,0.0
-18.859999999999996,0.0
-19.26,0.0
-19.36,0.0
-19.36,0.0
-19.36,0.0
-19.36,0.0
-19.36,0.0
-19.36,0.0
-19.36,0.0
-19.36,0.0
-19.46,0.0
-19.66,0.0
-19.87,0.0
-19.97,0.0
-20.17,0.0
-20.370000000000005,0.0
-20.77,0.0
-20.97,0.0
-21.079999999999995,0.0
0.0,0.0
-21.079999999999995,0.0
-21.079999999999995,0.0
-20.869999999999997,0.0
-20.57,0.0
-20.469999999999995,0.0
-20.469999999999995,0.0
-20.469999999999995,0.0
-20.469999999999995,0.0
-20.469999999999995,0.0
-20.469999999999995,0.0
-20.469999999999995,0.0
-20.469999999999995,0.0
-20.469999999999995,0.0
-20.469999999999995,0.0
-20.370000000000005,0.0
-20.370000000000005,0.0
-20.370000000000005,0.0
-20.370000000000005,0.0
-20.370000000000005,0.0
-20.27,0.0
-20.27,0.0
-20.17,0.0
-20.07,0.0
-20.07,0.0
-19.97,0.0
-19.87,0.0
0.0,0.0
-19.56,0.0
-19.46,0.0
-19.16,0.0
-19.060000000000002,0.0
-19.060000000000002,0.0
-19.060000000000002,0.0
-19.060000000000002,0.0
-19.060000000000002,0.0
-19.060000000000002,0.0
-19.36,0.0
-19.56,0.0
-19.56,0.0
-19.66,0.0
-19.76,0.0
-19.97,0.0
-20.07,0.0
-20.17,0.0
-20.17,0.0
-20.17,0.0
-20.17,0.0
-20.17,0.0
-20.17,0.0
-20.17,0.0
-20.17,0.0
-19.97,0.0
-19.87,0.0
-19.76,0.0
-19.66,0.0
-19.46,0.0
-18.66,0.0
-17.75,0.0
-16.64,0.0
-15.83,0.0
-14.920000000000002,0.0
-14.12,0.0
-13.41,0.0
-13.21,0.0
-13.01,0.0
-12.5,0.0
-11.5,0.0
0.0,0.0
-10.59,0.0
-9.88,0.0
-9.48,0.0
-8.570000000000002,0.0
-7.87,0.0
-6.55,0.0
-5.45,0.0
-4.34,0.0
-3.9300000000000006,0.0
-3.7300000000000004,0.0
-3.13,0.0
-2.62,0.0
-1.02,0.0
-1.21,0.0
-0.91,0.0
-0.61,0.0
-0.2,0.0
0.5,0.0
1.6100000000000003,0.0
2.42,0.0
2.62,0.0
2.62,0.0
2.62,0.0
2.62,0.0
2.62,0.0
2.02,0.0
1.6100000000000003,0.0
1.6100000000000003,0.0
1.6100000000000003,0.0
1.6100000000000003,0.0
1.6100000000000003,0.0
1.6100000000000003,0.0
1.71,0.0
1.82,0.0
1.92,0.0
2.12,0.0
2.42,0.0
2.62,0.0
2.62,0.0
2.7200000000000006,0.0
3.03,0.0
3.4300000000000006,0.0
0.0,0.0
4.74,0.0
5.45,0.0
5.949999999999999,0.0
6.35,0.0
6.659999999999999,0.0
7.16,0.0
7.36,0.0
8.07,0.0
8.570000000000002,0.0
9.380000000000003,0.0
9.68,0.0
9.88,0.0
9.88,0.0
9.88,0.0
9.68,0.0
9.48,0.0
9.28,0.0
9.18,0.0
9.08,0.0
8.67,0.0
8.17,0.0
7.26,0.0
6.25,0.0
5.24,0.0
3.829999999999999,0.0
2.03,0.0
2.42,0.0
1.6100000000000003,0.0
1.31,0.0
0.81,0.0
0.3,0.0
-0.1,0.0
-0.81,0.0
-1.01,0.0
-1.11,0.0
-1.6100000000000003,0.0
-3.2200000000000006,0.0
-4.84,0.0
-5.75,0.0
-6.25,0.0
-6.659999999999999,0.0
-7.06,0.0
-7.760000000000002,0.0
-8.97,0.0
-9.380000000000003,0.0
-9.380000000000003,0.0
-9.380000000000003,0.0
-8.77,0.0
-8.570000000000002,0.0
-8.469999999999999,0.0
-8.37,0.0
-7.659999999999998,0.0
-6.25,0.0
-4.84,0.0
-4.34,0.0
-4.03,0.0
-4.03,0.0
-4.03,0.0
-4.03,0.0
-4.03,0.0
-4.03,0.0
-4.03,0.0
-4.94,0.0
-4.94,0.0
-4.94,0.0
-5.340000000000001,0.0
-6.25,0.0
-7.36,0.0
-7.659999999999998,0.0
-8.07,0.0
-8.17,0.0
-8.37,0.0
-8.469999999999999,0.0
-8.570000000000002,0.0
-8.77,0.0
-9.18,0.0
-9.88,0.0
-10.18,0.0
-10.18,0.0
-10.18,0.0
-10.08,0.0
-10.08,0.0
-10.08,0.0
-10.08,0.0
-10.08,0.0
-10.08,0.0
-10.08,0.0
-10.08,0.0
-10.08,0.0
-10.08,0.0
-10.08,0.0
-9.48,0.0
-8.67,0.0
-7.36,0.0
-5.849999999999999,0.0
-4.34,0.0
-3.53,0.0
-3.3299999999999996,0.0
-3.23,0.0
-3.13,0.0
-2.92,0.0
-2.22,0.0
-1.11,0.0
0.0,0.0
0.0,0.0
0.61,0.0
0.61,0.0
0.81,0.0
1.21,0.0
1.41,0.0
1.82,0.0
2.12,0.0
2.52,0.0
0.0,0.0
2.7200000000000006,0.0
2.7200000000000006,0.0
2.7200000000000006,0.0
2.7200000000000006,0.0
2.62,0.0
2.32,0.0
1.92,0.0
1.6100000000000003,0.0
1.31,0.0
0.81,0.0
0.2,0.0
-0.3,0.0
-0.4,0.0
-0.4,0.0
-0.4,0.0
-0.4,0.0
-0.4,0.0
-0.4,0.0
-0.4,0.0
-0.4,0.0
-0.4,0.0
-0.4,0.0
-0.4,0.0
-0.4,0.0
-0.3,0.0
0.0,0.0
-0.3,0.0
-0.3,0.0
-0.3,0.0
-0.3,0.0
-0.3,0.0
0.0,0.0
0.5,0.0
1.01,0.0
1.21,0.0
1.21,0.0
1.21,0.0
1.21,0.0
1.21,0.0
1.21,0.0
1.31,0.0
1.41,0.0
1.41,0.0
1.41,0.0
1.41,0.0
1.41,0.0
1.41,0.0
1.41,0.0
1.41,0.0
1.51,0.0
1.51,0.0
1.51,0.0
1.51,0.0
1.51,0.0
1.6100000000000003,0.0
1.6100000000000003,0.0
1.6100000000000003,0.0
1.6100000000000003,0.0
1.6100000000000003,0.0
1.71,0.0
1.71,0.0
1.71,0.0
1.71,0.0
1.71,0.0
1.71,0.0
1.71,0.0
1.6100000000000003,0.0
1.51,0.0
1.51,0.0
1.41,0.0
1.31,0.0
1.31,0.0
1.31,0.0
1.31,0.0
1.31,0.0
1.31,0.0
1.51,0.0
1.6100000000000003,0.0
1.71,0.0
1.71,0.0
1.82,0.0
1.82,0.0
1.82,0.0
1.82,0.0
1.82,0.0
1.82,0.0
1.82,0.0
1.82,0.0
1.82,0.0
1.92,0.0
1.92,0.0
1.92,0.0
1.92,0.0
0.0,0.0
2.02,0.0
2.02,0.0
2.02,0.0
2.02,0.0
2.02,0.0
2.02,0.0
2.02,0.0
2.02,0.0
2.02,0.0
2.12,0.0
2.12,0.0
2.12,0.0
2.12,0.0
2.12,0.0
2.12,0.0
1.82,0.0
1.6100000000000003,0.0
1.6100000000000003,0.0
1.6100000000000003,0.0
1.51,0.0
1.51,0.0
1.51,0.0
1.51,0.0
1.51,0.0
1.51,0.0
1.51,0.0
1.51,0.0
1.51,0.0
1.51,0.0
1.31,0.0
1.31,0.0
1.31,0.0
1.31,0.0
1.31,0.0
1.31,0.0
1.21,0.0
1.21,0.0
1.21,0.0
1.21,0.0
1.21,0.0
1.21,0.0
1.21,0.0
1.21,0.0
1.11,0.0
0.91,0.0
0.81,0.0
0.61,0.0
0.5,0.0
0.5,0.0
0.5,0.0
0.5,0.0
0.4,0.0
0.3,0.0
0.2,0.0
0.1,0.0
0.0,0.0
0.0,0.0
-0.2,0.0
-0.3,0.0
-0.5,0.0
-0.5,0.0
-0.4,0.0
0.0,0.0
0.0,0.0
0.5,0.0
0.0,0.0
0.5,0.0
0.5,0.0
0.5,0.0
0.4,0.0
0.2,0.0
0.0,0.0
-0.1,0.0
-0.2,0.0
-0.3,0.0
-0.3,0.0
-0.61,0.0
-1.11,0.0
-1.51,0.0
-2.02,0.0
-2.02,0.0
-2.02,0.0
-2.02,0.0
-2.02,0.0
-2.02,0.0
0.0,0.0
-2.02,0.0
-2.02,0.0
-2.02,0.0
-2.02,0.0
-2.02,0.0
-2.02,0.0
-2.02,0.0
-2.02,0.0
-1.92,0.0
-1.41,0.0
-1.11,0.0
-1.11,0.0
-1.11,0.0
-1.01,0.0
-0.91,0.0
-0.91,0.0
-0.81,0.0
-0.81,0.0
-0.71,0.0
-0.61,0.0
-0.61,0.0
-0.61,0.0
-0.61,0.0
-0.5,0.0
-0.5,0.0
-0.5,0.0
-0.5,0.0
-0.5,0.0
-0.5,0.0
-0.5,0.0
-0.4,0.0
-0.4,0.0
-0.4,0.0
-0.3,0.0
-0.3,0.0
-0.3,0.0
-0.3,0.0
-0.3,0.0
-0.3,0.0
-0.3,0.0
0.0,0.0
-0.3,0.0
-0.2,0.0
-0.2,0.0
-0.2,0.0
-0.2,0.0
-0.2,0.0
-0.3,0.0
-0.3,0.0
-0.3,0.0
-0.3,0.0
-0.3,0.0
-0.4,0.0
-0.5,0.0
-0.61,0.0
-0.71,0.0
-0.71,0.0
-0.71,0.0
-0.71,0.0
-0.81,0.0
-0.81,0.0
-1.91,0.0
-1.11,0.0
-1.51,0.0
-2.22,0.0
-3.13,0.0
0.0,0.0
-4.54,0.0
-4.84,0.0
-4.84,0.0
-4.84,0.0
-4.84,0.0
-4.84,0.0
-4.84,0.0
-4.84,0.0
-4.84,0.0
-4.84,0.0
-4.74,0.0
-4.24,0.0
-3.53,0.0
-2.32,0.0
-1.51,0.0
-1.41,0.0
-1.41,0.0
-1.31,0.0
-0.91,0.0
-0.5,0.0
0.0,0.0
0.2,0.0
0.2,0.0
0.2,0.0
-0.3,0.0
-0.4,0.0
-0.61,0.0
-0.61,0.0
-0.2,0.0
0.0,0.0
0.1,0.0
0.0,0.0
-0.4,0.0
-1.11,0.0
-1.51,0.0
-1.71,0.0
-1.71,0.0
-1.71,0.0
-1.71,0.0
-1.82,0.0
-1.82,0.0
-1.92,0.0
-1.92,0.0
-1.92,0.0
-1.92,0.0
0.0,0.0
-1.92,0.0
-1.92,0.0
-1.92,0.0
-2.12,0.0
-2.42,0.0
-2.82,0.0
-2.92,0.0
-2.92,0.0
-2.92,0.0
-2.7200000000000006,0.0
-2.62,0.0
-2.62,0.0
-2.62,0.0
-2.62,0.0
-2.62,0.0
0.0,0.0
-2.52,0.0
-2.32,0.0
-2.22,0.0
-2.12,0.0
-2.12,0.0
-2.12,0.0
-2.12,0.0
-2.02,0.0
-1.82,0.0
-1.6100000000000003,0.0
-1.11,0.0
-0.71,0.0
-0.4,0.0
-0.3,0.0
-0.1,0.0
0.0,0.0
0.5,0.0
0.91,0.0
1.71,0.0
2.02,0.0
2.42,0.0
2.52,0.0
2.62,0.0
3.03,0.0
3.4300000000000006,0.0
3.53,0.0
3.53,0.0
3.829999999999999,0.0
4.13,0.0
4.34,0.0
4.54,0.0
4.84,0.0
4.84,0.0
4.94,0.0
5.04,0.0
5.139999999999999,0.0
5.139999999999999,0.0
5.24,0.0
5.24,0.0
5.24,0.0
5.24,0.0
0.0,0.0
5.24,0.0
5.24,0.0
5.24,0.0
5.55,0.0
6.35,0.0
6.45,0.0
6.45,0.0
6.35,0.0
6.050000000000001,0.0
5.55,0.0
5.45,0.0
5.45,0.0
5.45,0.0
5.45,0.0
5.45,0.0
5.45,0.0
5.45,0.0
5.45,0.0
5.45,0.0
5.45,0.0
5.45,0.0
3.23,0.0
1.51,0.0
0.3,0.0
0.3,0.0
0.3,0.0
0.3,0.0
0.0,0.0
-0.3,0.0
-0.5,0.0
-0.5,0.0
-0.5,0.0
-0.5,0.0
-0.5,0.0
-0.61,0.0
-0.81,0.0
-1.11,0.0
-1.71,0.0
-2.02,0.0
-2.12,0.0
-2.12,0.0
-2.12,0.0
-2.22,0.0
-2.42,0.0
-2.82,0.0
-3.13,0.0
-3.4300000000000006,0.0
-3.4300000000000006,0.0
-3.4300000000000006,0.0
-3.4300000000000006,0.0
-3.4300000000000006,0.0
-3.4300000000000006,0.0
-3.4300000000000006,0.0
-3.4300000000000006,0.0
-3.4300000000000006,0.0
-3.4300000000000006,0.0
-3.4300000000000006,0.0
-3.4300000000000006,0.0
-3.4300000000000006,0.0
-3.4300000000000006,0.0
-3.4300000000000006,0.0
-3.23,0.0
-2.7200000000000006,0.0
-2.22,0.0
-2.12,0.0
-2.12,0.0
-1.92,0.0
-1.71,0.0
-1.71,0.0
-1.71,0.0
-2.12,0.0
-2.42,0.0
-2.42,0.0
-2.42,0.0
-2.52,0.0
-2.7200000000000006,0.0
-2.82,0.0
-2.92,0.0
-3.13,0.0
-3.4300000000000006,0.0
-3.53,0.0
-3.63,0.0
-3.63,0.0
-3.63,0.0
-3.63,0.0
-3.63,0.0
-3.829999999999999,0.0
-3.829999999999999,0.0
-3.829999999999999,0.0
-3.829999999999999,0.0
-3.9300000000000006,0.0
-4.03,0.0
-4.24,0.0
-4.44,0.0
-4.84,0.0
-6.050000000000001,0.0
-7.06,0.0
-7.87,0.0
-8.570000000000002,0.0
-8.87,0.0
-8.97,0.0
-9.18,0.0
-9.48,0.0
-9.68,0.0
-9.88,0.0
-10.08,0.0
-10.389999999999999,0.0
-10.79,0.0
-11.19,0.0
-11.290000000000001,0.0
-11.290000000000001,0.0
-11.290000000000001,0.0
-11.39,0.0
-11.5,0.0
-11.6,0.0
0.0,0.0
-11.699999999999998,0.0
-11.8,0.0
-12.4,0.0
-12.81,0.0
-12.910000000000002,0.0
-13.01,0.0
-13.01,0.0
-13.11,0.0
-13.31,0.0
-13.82,0.0
-14.22,0.0
-14.62,0.0
-14.72,0.0
-14.82,0.0
-14.82,0.0
-15.030000000000001,0.0
-15.230000000000002,0.0
-15.63,0.0
-16.13,0.0
-16.44,0.0
-16.74,0.0
-17.04,0.0
-17.55,0.0
-18.05,0.0
-18.35,0.0
-18.55,0.0
-18.55,0.0
-18.66,0.0
-18.66,0.0
-18.760000000000005,0.0
-19.060000000000002,0.0
-19.46,0.0
-19.87,0.0
-20.07,0.0
-20.17,0.0
-20.17,0.0
-20.17,0.0
-20.17,0.0
-20.17,0.0
-20.17,0.0
-19.87,0.0
-19.26,0.0
-18.66,0.0
-18.05,0.0
-17.65,0.0
-17.140000000000004,0.0
-16.939999999999998,0.0
-16.54,3.914775e-25
-15.53,57.295776
-14.02,57.295776
0.0,57.295776
-13.610000000000001,57.295776
0.0,57.295776
0.0,57.295776
-13.51,57.295776
-13.51,57.295776
-13.51,57.295776
-13.51,57.295776
-13.41,57.295776
-13.41,57.295776
-13.21,57.295776
-13.11,57.295776
-13.11,57.295776
-13.11,57.295776
-13.11,21.831448
-13.11,5.0370356e-25
-13.11,57.295776
-13.11,57.295776
-13.11,0.0
-13.21,0.0
-13.21,0.0
-13.41,0.0
-13.610000000000001,0.0
-13.610000000000001,0.0
-13.610000000000001,0.0
-13.610000000000001,0.0
-13.610000000000001,0.0
-13.610000000000001,0.0
-13.610000000000001,0.0
-13.31,0.0
-12.910000000000002,0.0
-12.709999999999999,0.0
0.0,0.0
-12.709999999999999,0.0
-12.709999999999999,0.0
-12.709999999999999,0.0
-12.709999999999999,0.0
-12.709999999999999,0.0
-12.709999999999999,0.0
-12.61,0.0
-12.2,0.0
-11.699999999999998,0.0
-11.290000000000001,0.0
-11.19,0.0
-11.19,0.0
-11.19,0.0
-11.290000000000001,0.0
-11.290000000000001,0.0
-11.39,0.0
0.0,0.0
-12.100000000000001,0.0
-12.4,0.0
-12.5,0.0
-12.61,0.0
-12.61,0.0
-12.61,0.0
-12.61,0.0
-12.61,0.0
-12.61,0.0
-12.61,0.0
-12.61,0.0
-12.61,0.0
0.0,0.0
-12.61,0.0
-12.61,0.0
-12.61,0.0
-12.61,0.0
-12.61,0.0
-12.81,0.0
-13.01,0.0
-13.51,0.0
-14.420000000000002,0.0
-15.33,0.0
-16.74,0.0
-17.45,0.0
-18.149999999999995,0.0
-18.25,0.0
-18.25,0.0
-18.25,0.0
-18.25,0.0
-18.25,0.0
-18.35,0.0
-18.35,0.0
-18.35,0.0
-18.45,0.0
-18.45,0.0
-18.45,0.0
-18.55,0.0
-18.55,0.0
-18.55,0.0
-18.25,0.0
-17.04,0.0
-15.63,0.0
-14.82,0.0
-14.82,0.0
-14.82,0.0
-15.13,0.0
-15.33,0.0
-15.33,0.0
-15.33,0.0
-15.230000000000002,0.0
-14.72,0.0
-14.22,0.0
-13.71,0.0
-13.41,0.0
-13.21,0.0
-13.21,0.0
-13.01,0.0
-12.709999999999999,0.0
-12.4,0.0
-12.2,0.0
-12.0,0.0
-11.8,0.0
-11.8,0.0
-11.699999999999998,0.0
-11.6,0.0
-11.6,0.0
-11.5,0.0
-11.6,0.0
-11.5,0.0
-11.5,0.0
-11.8,0.0
-12.4,0.0
-13.21,0.0
-14.22,0.0
-14.62,0.0
-14.62,0.0
-14.62,0.0
-14.62,0.0
-14.72,0.0
-14.920000000000002,0.0
-15.13,0.0
-15.230000000000002,0.0
-15.230000000000002,0.0
-15.33,0.0
-15.33,0.0
-15.33,0.0
-15.53,0.0
-15.83,0.0
-16.13,0.0
-16.64,0.0
-16.84,0.0
-17.239999999999995,0.0
-17.34,0.0
-17.45,0.0
-17.65,0.0
-17.75,0.0
-17.75,0.0
-17.75,0.0
-17.75,0.0
-17.75,0.0
-17.95,0.0
0.0,0.0
-18.05,0.0
-18.05,0.0
-18.05,0.0
-18.05,0.0
-18.25,0.0
-18.55,0.0
-18.859999999999996,0.0
-19.060000000000002,0.0
-19.26,0.0
-19.46,0.0
-19.66,0.0
-19.76,0.0
-19.46,0.0
-19.36,0.0
-19.36,0.0
-19.56,0.0
-19.66,0.0
-19.66,0.0
-19.16,0.0
-18.760000000000005,0.0
-18.05,0.0
-17.45,0.0
-17.140000000000004,0.0
-16.64,0.0
-16.03,0.0
-15.63,0.0
-15.53,0.0
-15.030000000000001,0.0
-14.62,0.0
-14.02,0.0
-13.71,0.0
-13.51,57.295776
-13.41,57.295776
-13.31,57.295776
-13.31,57.295776
-13.21,57.295776
-13.21,57.295776
-13.21,57.295776
-13.610000000000001,57.295776
-13.92,57.295776
-13.92,57.295776
-14.12,57.295776
-14.62,57.295776
-15.43,57.295776
-16.44,57.295776
-16.84,57.295776
-17.04,57.295776
-17.04,57.295776
-17.239999999999995,57.295776
-17.55,57.295776
-17.95,57.295776
-18.55,57.295776
-18.859999999999996,57.295776
-18.96,57.295776
-18.96,57.295776
-18.96,57.295776
-19.060000000000002,57.295776
-19.060000000000002,57.295776
-19.16,57.295776
-19.26,57.295776
-19.46,57.295776
-19.56,57.295776
-19.56,57.295776
-19.56,57.295776
-19.56,57.295776
-19.56,57.295776
-19.56,57.295776
-19.56,57.295776
-19.56,57.295776
-19.56,57.295776
-19.46,57.295776
-19.36,57.295776
-19.36,57.295776
-19.16,57.295776
-18.66,57.295776
-17.95,57.295776
-17.75,57.295776
-17.65,57.295776
-17.239999999999995,57.295776
-16.24,57.295776
-15.53,57.295776
-14.22,57.295776
-12.5,57.295776
-11.19,57.295776
-10.49,57.295776
-10.49,57.295776
-10.49,57.295776
-10.49,57.295776
-10.49,57.295776
-10.49,57.295776
-10.49,57.295776
-10.49,57.295776
-10.49,57.295776
-10.59,57.295776
-10.59,57.295776
-10.59,57.295776
-10.59,57.295776
-10.59,57.295776
-10.59,57.295776
-10.59,57.295776
-10.59,57.295776
-10.49,57.295776
-10.389999999999999,57.295776
-10.18,57.295776
0.0,57.295776
-8.77,57.295776
-7.460000000000001,57.295776
-6.150000000000001,57.295776
0.0,57.295776
-1.41,57.295776
0.2,57.295776
1.21,57.295776
1.51,57.295776
2.12,57.295776
3.13,57.295776
3.9300000000000006,57.295776
4.64,57.295776
4.84,57.295776
5.45,57.295776
6.25,57.295776
6.76,57.295776
7.460000000000001,57.295776
8.469999999999999,57.295776
9.88,57.295776
10.69,57.295776
11.089999999999998,57.295776
11.290000000000001,57.295776
11.5,57.295776
0.0,57.295776
12.2,57.295776
12.910000000000002,57.295776
14.02,57.295776
15.43,57.295776
16.64,57.295776
18.149999999999995,57.295776
19.56,57.295776
20.77,57.295776
21.78,57.295776
22.69,57.295776
24.8,57.295776
24.91,57.295776
25.71,57.295776
26.520000000000003,57.295776
27.530000000000005,57.295776
28.34,57.295776
29.24,57.295776
30.35,57.295776
31.26,57.295776
32.57,57.295776
33.48,57.295776
34.08,57.295776
34.18,57.295776
34.29,57.295776
34.39,57.295776
34.59,57.295776
34.59,57.295776
34.59,57.295776
34.59,57.295776
34.39,57.295776
34.08,57.295776
33.68,57.295776
33.68,57.295776
33.68,57.295776
33.68,57.295776
33.68,57.295776
33.68,57.295776
33.58,57.295776
32.87,57.295776
32.37,57.295776
31.460000000000004,57.295776
31.159999999999993,57.295776
31.26,57.295776
32.06999999999999,57.295776
32.77,57.295776
33.18000000000001,57.295776
33.68,57.295776
34.08,57.295776
34.69,57.295776
35.70000000000001,57.295776
36.81,57.295776
37.41,57.295776
37.61,57.295776
37.61,57.295776
37.61,57.295776
37.82,57.295776
38.22,57.295776
38.92,57.295776
39.43,57.295776
40.03000000000001,57.295776
41.04,57.295776
42.45,57.295776
43.76,57.295776
45.68,57.295776
47.19,57.295776
49.21,57.295776
51.03000000000001,57.295776
52.34,57.295776
53.55,57.295776
54.66,57.295776
56.17,57.295776
57.779999999999994,57.295776
59.99,57.295776
60.910000000000004,57.295776
62.620000000000005,57.295776
63.629999999999995,57.295776
64.54,57.295776
65.04000000000002,57.295776
65.14,57.295776
65.24,57.295776
65.55,57.295776
66.05,57.295776
66.15,57.295776
66.15,57.295776
66.15,57.295776
66.15,57.295776
66.15,57.295776
66.15,57.295776
0.0,57.295776
65.95,57.295776
65.34,57.295776
64.33999999999999,57.295776
63.43,57.295776
62.019999999999996,57.295776
60.910000000000004,57.295776
59.60000000000001,57.295776
58.180000000000014,57.295776
56.97,57.295776
55.06000000000001,57.295776
53.14,57.295776
50.32,57.295776
47.19,57.295776
44.77,57.295776
41.54999999999999,57.295776
37.61,57.295776
34.89000000000001,57.295776
31.87,57.295776
29.55,57.295776
28.03,1.0905417e-09
25.92,57.2057
24.4,0.0
22.69,0.0
21.98,0.0
21.68,0.0
21.18,0.0
18.149999999999995,0.0
15.730000000000002,0.0
13.51,0.0
12.61,0.0
12.2,0.0
12.0,0.0
0.0,0.0
11.39,0.0
11.19,0.0
10.89,0.0
10.89,0.0
10.89,0.0
10.89,0.0
10.89,0.0
10.89,0.0
10.89,0.0
10.69,0.0
9.68,0.0
8.27,0.0
7.16,0.0
6.35,0.0
6.35,0.0
6.35,0.0
6.35,0.0
6.35,0.0
6.35,0.0
6.35,0.0
6.55,57.295776
6.96,1.4975806e-06
7.26,1.5288371e-25
7.36,2.7867243e-28
7.36,0.0
7.559999999999999,0.0
7.559999999999999,57.295776
7.559999999999999,57.295776
7.460000000000001,57.295776
7.36,57.295776
7.16,57.295776
6.860000000000001,57.295776
6.25,57.295776
5.849999999999999,57.295776
5.65,57.295776
5.139999999999999,57.295776
0.0,57.295776
3.9300000000000006,57.295776
3.03,57.295776
2.7200000000000006,57.295776
2.42,57.295776
2.22,57.295776
2.12,57.295776
2.12,57.295776
2.12,57.295776
1.82,57.295776
1.31,57.295776
1.01,57.295776
0.4,57.295776
0.4,57.295776
0.4,57.295776
0.3,57.295776
0.1,57.295776
-0.2,57.295776
-0.3,57.295776
-0.3,57.295776
-0.3,0.05228012
-0.3,0.0
-0.3,0.0
-0.5,57.295773
-0.81,0.0
-0.81,0.0
-0.81,0.0
-0.81,0.0
-0.81,0.0
-0.81,0.0
-0.81,0.0
-0.81,0.0
-0.81,0.0
-0.81,0.0
-0.71,0.0
-0.61,0.0
0.0,0.0
0.5,0.0
0.91,0.0
0.91,0.0
0.91,0.0
0.91,0.0
0.91,0.0
1.11,0.0
1.21,0.0
1.21,0.0
1.51,0.0
1.82,0.0
2.12,0.0
2.52,0.0
2.92,0.0
3.4300000000000006,0.0
4.03,0.0
4.44,0.0
4.94,0.0
5.24,0.0
5.75,0.0
6.25,0.0
6.45,2.7928846e-29
6.55,57.295776
6.659999999999999,0.0
6.659999999999999,57.295776
0.0,0.0
6.659999999999999,0.0
6.76,0.0
6.860000000000001,0.0
7.06,0.0
7.26,0.0
7.460000000000001,0.0
7.559999999999999,0.0
7.87,0.0
8.27,0.0
8.67,0.0
9.08,0.0
9.48,0.0
10.08,0.0
10.49,0.0
10.99,0.0
11.39,0.0
11.899999999999999,0.0
12.5,0.0
13.11,0.0
13.82,0.0
14.62,0.0
15.030000000000001,0.0
0.0,0.0
15.33,0.0
15.33,0.0
15.53,0.0
15.83,0.0
16.03,0.0
16.03,0.0
16.03,0.0
16.03,0.0
16.03,0.0
16.03,0.0
15.929999999999998,0.0
15.53,0.0
15.13,0.0
14.72,0.0
14.32,0.0
13.41,0.0
12.709999999999999,0.0
0.0,0.0
10.49,0.0
9.68,0.0
8.570000000000002,0.0
7.16,0.0
6.050000000000001,0.0
5.55,0.0
5.340000000000001,0.0
4.94,0.0
4.54,0.0
4.24,0.0
4.24,0.0
4.03,0.0
3.63,0.0
3.63,0.0
3.53,0.0
3.4300000000000006,0.0
3.4300000000000006,0.0
3.4300000000000006,0.0
0.0,0.0
2.32,0.0
1.11,0.0
1.01,0.0
0.91,0.0
0.4,0.0
0.4,0.0
0.3,0.0
0.4,0.0
0.0,0.0
0.91,0.0
1.21,0.0
1.21,0.0
1.21,0.0
1.21,0.0
1.21,0.0
0.0,0.0
0.5,0.0
0.1,0.0
-0.2,0.0
-0.61,0.0
-1.21,0.0
-1.71,0.0
-2.32,0.0
-3.23,0.0
-4.44,0.0
-5.340000000000001,0.0
-6.35,0.0
-6.96,0.0
-7.36,0.0
-7.969999999999999,0.0
-8.37,0.0
-8.97,0.0
-9.28,0.0
-9.58,0.0
0.0,0.0
-10.18,0.0
-10.389999999999999,0.0
-10.69,0.0
-11.089999999999998,0.0
-11.6,0.0
-12.100000000000001,0.0
0.0,0.0
-13.31,0.0
-13.71,0.0
-14.02,0.0
-14.32,0.0
-14.420000000000002,0.0
-14.52,0.0
-14.52,57.295776
-14.52,57.295776
-14.52,57.295776
-14.52,57.295776
-14.52,57.295776
-14.62,57.295776
-14.62,57.295776
-14.62,57.295776
-14.920000000000002,0.0
-15.230000000000002,0.0
-15.730000000000002,0.0
-16.64,0.0
-17.140000000000004,0.0
-17.45,0.0
-17.75,0.0
-17.75,0.0
-17.95,0.0
-18.05,0.0
-18.45,0.0
-19.16,0.0
-20.07,0.0
0.0,0.0
-21.58,0.0
-21.88,0.0
-21.98,0.0
-22.179999999999996,0.0
-22.29,0.0
-22.29,0.0
-22.59,0.0
-22.99,0.0
-23.189999999999998,0.0
-23.189999999999998,0.0
-23.189999999999998,0.0
-23.189999999999998,0.0
-23.29,0.0
-23.39,0.0
-23.9,0.0
-24.810000000000002,0.0
-25.210000000000004,0.0
-25.61,0.0
-25.71,0.0
-25.820000000000004,0.0
-25.820000000000004,0.0
-25.820000000000004,0.0
-25.92,0.0
-26.32,0.0
-26.62,0.0
-26.72,0.0
-26.72,0.0
-26.72,0.0
-26.22,0.0
-25.820000000000004,0.0
-25.71,0.0
-25.71,0.0
-25.71,0.0
-25.71,0.0
-25.71,0.0
-25.92,0.0
-26.22,0.0
-26.32,0.0
-26.32,0.0
